date,location,age_group,gender,severity,cases
2024-01-01,West Bengal,61+,Male,8,366
2024-01-01,West Bengal,41-60,Female,10,376
2024-01-01,West Bengal,18-40,Female,5,215
2024-01-01,West Bengal,18-40,Female,5,125
2024-01-02,West Bengal,18-40,Male,4,466
2024-01-03,Maharashtra,41-60,Female,2,146
2024-01-03,West Bengal,18-40,Male,3,245
2024-01-03,West Bengal,41-60,Female,4,571
2024-01-03,Rajasthan,18-40,Female,6,698
2024-01-03,Karnataka,61+,Female,1,146
2024-01-05,Maharashtra,18-40,Male,5,261
2024-01-05,West Bengal,41-60,Female,8,38
2024-01-05,Karnataka,41-60,Female,7,417
2024-01-06,Gujarat,61+,Female,1,731
2024-01-06,Karnataka,18-40,Female,9,685
2024-01-06,Maharashtra,61+,Male,5,735
2024-01-06,Tamil Nadu,41-60,Female,1,231
2024-01-06,Rajasthan,41-60,Female,10,386
2024-01-07,Tamil Nadu,41-60,Female,10,434
2024-01-08,Gujarat,61+,Male,2,271
2024-01-08,West Bengal,61+,Male,7,550
2024-01-08,Gujarat,61+,Female,10,560
2024-01-08,West Bengal,41-60,Male,4,575
2024-01-08,West Bengal,61+,Male,2,210
2024-01-08,West Bengal,18-40,Female,6,331
2024-01-08,Maharashtra,61+,Female,9,373
2024-01-09,Maharashtra,18-40,Female,10,139
2024-01-09,West Bengal,61+,Female,6,695
2024-01-09,Rajasthan,18-40,Female,5,278
2024-01-09,Karnataka,61+,Female,2,622
2024-01-09,Maharashtra,61+,Female,3,309
2024-01-09,West Bengal,41-60,Male,7,646
2024-01-09,Gujarat,18-40,Female,8,178
2024-01-09,Rajasthan,18-40,Male,4,440
2024-01-09,Rajasthan,61+,Female,2,432
2024-01-10,Maharashtra,61+,Female,7,603
2024-01-10,West Bengal,18-40,Female,5,708
2024-01-10,Maharashtra,61+,Male,6,410
2024-01-11,Maharashtra,18-40,Male,7,328
2024-01-11,Maharashtra,18-40,Male,10,157
2024-01-11,Uttar Pradesh,18-40,Female,8,462
2024-01-11,Tamil Nadu,61+,Female,9,647
2024-01-11,Rajasthan,18-40,Female,1,212
2024-01-11,Tamil Nadu,61+,Female,4,581
2024-01-11,Maharashtra,61+,Female,5,688
2024-01-11,Karnataka,41-60,Female,10,705
2024-01-11,Rajasthan,18-40,Male,7,468
2024-01-12,Karnataka,61+,Female,4,169
2024-01-12,West Bengal,18-40,Female,5,174
2024-01-12,West Bengal,61+,Female,10,393
2024-01-12,Karnataka,61+,Female,2,210
2024-01-13,Karnataka,41-60,Female,6,547
2024-01-13,Gujarat,18-40,Female,1,188
2024-01-13,Karnataka,41-60,Male,1,357
2024-01-14,Karnataka,61+,Female,4,601
2024-01-14,Gujarat,41-60,Female,2,390
2024-01-14,Tamil Nadu,18-40,Male,2,406
2024-01-14,Maharashtra,61+,Male,3,714
2024-01-14,Tamil Nadu,61+,Male,3,706
2024-01-14,Tamil Nadu,61+,Male,7,145
2024-01-15,Maharashtra,61+,Female,8,435
2024-01-15,Karnataka,61+,Female,6,33
2024-01-15,Tamil Nadu,41-60,Female,8,440
2024-01-15,Tamil Nadu,41-60,Female,9,227
2024-01-15,Uttar Pradesh,61+,Male,4,262
2024-01-16,West Bengal,18-40,Male,10,722
2024-01-16,Maharashtra,61+,Male,8,667
2024-01-16,West Bengal,61+,Female,2,564
2024-01-16,Gujarat,18-40,Female,9,22
2024-01-16,Rajasthan,41-60,Female,8,591
2024-01-16,Karnataka,61+,Male,1,374
2024-01-16,Gujarat,18-40,Male,4,212
2024-01-16,Rajasthan,18-40,Male,6,648
2024-01-16,Karnataka,61+,Female,7,82
2024-01-16,Uttar Pradesh,41-60,Male,4,659
2024-01-16,Rajasthan,18-40,Female,8,748
2024-01-16,Karnataka,18-40,Male,3,511
2024-01-17,Tamil Nadu,61+,Female,6,362
2024-01-17,Rajasthan,61+,Female,4,122
2024-01-17,West Bengal,61+,Female,1,259
2024-01-17,Gujarat,41-60,Male,5,713
2024-01-17,Maharashtra,41-60,Male,10,458
2024-01-17,Karnataka,41-60,Male,10,215
2024-01-18,Karnataka,41-60,Male,8,413
2024-01-18,Gujarat,61+,Female,10,438
2024-01-18,Maharashtra,61+,Female,2,173
2024-01-19,Tamil Nadu,61+,Male,2,612
2024-01-19,Karnataka,41-60,Male,2,20
2024-01-19,Rajasthan,18-40,Male,4,655
2024-01-19,Karnataka,41-60,Female,1,465
2024-01-19,Rajasthan,18-40,Female,6,438
2024-01-19,Gujarat,61+,Female,4,681
2024-01-19,Rajasthan,41-60,Female,5,159
2024-01-20,Gujarat,41-60,Male,6,348
2024-01-20,Karnataka,61+,Male,3,562
2024-01-20,West Bengal,61+,Female,3,617
2024-01-20,Gujarat,41-60,Female,4,92
2024-01-20,Maharashtra,18-40,Female,3,566
2024-01-20,Rajasthan,18-40,Female,7,600
2024-01-20,Tamil Nadu,18-40,Female,7,523
2024-01-21,Gujarat,41-60,Female,5,510
2024-01-21,Rajasthan,41-60,Male,6,460
2024-01-21,Karnataka,18-40,Female,10,366
2024-01-21,Gujarat,61+,Male,2,27
2024-01-21,Uttar Pradesh,41-60,Female,8,707
2024-01-21,Rajasthan,18-40,Female,6,557
2024-01-21,Uttar Pradesh,61+,Female,8,423
2024-01-21,Rajasthan,18-40,Male,6,566
2024-01-21,Karnataka,41-60,Male,8,373
2024-01-21,Rajasthan,41-60,Female,1,744
2024-01-21,Gujarat,41-60,Female,2,508
2024-01-21,Tamil Nadu,41-60,Male,8,361
2024-01-21,Karnataka,41-60,Female,10,21
2024-01-22,Uttar Pradesh,41-60,Female,4,382
2024-01-23,Gujarat,18-40,Female,9,171
2024-01-23,West Bengal,41-60,Female,2,176
2024-01-23,Gujarat,41-60,Female,5,320
2024-01-23,Tamil Nadu,41-60,Male,8,430
2024-01-23,West Bengal,18-40,Male,7,213
2024-01-23,Karnataka,41-60,Female,1,284
2024-01-24,Maharashtra,41-60,Male,6,223
2024-01-24,Maharashtra,61+,Male,2,635
2024-01-24,West Bengal,61+,Female,6,324
2024-01-25,Karnataka,41-60,Female,1,298
2024-01-25,Maharashtra,41-60,Female,7,496
2024-01-25,Uttar Pradesh,41-60,Female,8,710
2024-01-26,Rajasthan,41-60,Female,8,721
2024-01-26,Rajasthan,61+,Male,4,49
2024-01-26,Karnataka,18-40,Female,10,122
2024-01-27,Tamil Nadu,18-40,Female,1,120
2024-01-27,Rajasthan,18-40,Female,7,492
2024-01-27,Gujarat,41-60,Female,3,157
2024-01-28,West Bengal,41-60,Male,1,551
2024-01-28,Karnataka,61+,Female,10,106
2024-01-28,West Bengal,61+,Female,3,691
2024-01-28,Maharashtra,41-60,Male,8,48
2024-01-28,Uttar Pradesh,61+,Female,8,398
2024-01-28,Tamil Nadu,61+,Female,1,393
2024-01-29,Maharashtra,18-40,Female,6,78
2024-01-29,West Bengal,18-40,Female,6,459
2024-01-30,Karnataka,41-60,Female,9,139
2024-01-30,Tamil Nadu,61+,Female,8,75
2024-01-30,Gujarat,41-60,Male,10,647
2024-01-30,Karnataka,18-40,Female,3,28
2024-01-30,Karnataka,61+,Male,8,239
2024-01-30,Karnataka,61+,Female,6,576
2024-01-30,Tamil Nadu,61+,Female,3,677
2024-01-30,Karnataka,41-60,Male,3,283
2024-01-30,Uttar Pradesh,18-40,Female,5,635
2024-01-30,Tamil Nadu,18-40,Male,7,118
2024-01-31,Tamil Nadu,18-40,Male,7,609
2024-01-31,Uttar Pradesh,61+,Male,10,173
2024-01-31,Gujarat,18-40,Male,3,390
2024-01-31,Maharashtra,41-60,Female,10,584
2024-01-31,Rajasthan,61+,Female,9,635
2024-02-01,Gujarat,61+,Male,5,426
2024-02-01,Tamil Nadu,41-60,Female,5,579
2024-02-01,Rajasthan,41-60,Male,5,234
2024-02-01,Uttar Pradesh,18-40,Male,4,204
2024-02-01,West Bengal,18-40,Male,1,79
2024-02-02,Uttar Pradesh,41-60,Male,7,508
2024-02-02,Maharashtra,18-40,Female,3,187
2024-02-02,Karnataka,41-60,Female,2,601
2024-02-02,Tamil Nadu,41-60,Male,5,106
2024-02-02,Gujarat,41-60,Female,7,188
2024-02-03,Karnataka,18-40,Male,7,622
2024-02-03,Uttar Pradesh,18-40,Male,7,159
2024-02-03,Tamil Nadu,41-60,Male,8,570
2024-02-03,Uttar Pradesh,18-40,Male,7,55
2024-02-03,Tamil Nadu,41-60,Female,10,140
2024-02-03,West Bengal,18-40,Male,7,728
2024-02-04,West Bengal,41-60,Male,5,417
2024-02-04,Karnataka,18-40,Female,8,418
2024-02-04,Uttar Pradesh,41-60,Female,2,549
2024-02-04,Rajasthan,18-40,Female,10,460
2024-02-04,Gujarat,41-60,Female,8,538
2024-02-04,Maharashtra,18-40,Female,5,304
2024-02-04,Rajasthan,61+,Female,8,673
2024-02-04,Tamil Nadu,41-60,Male,6,105
2024-02-05,Maharashtra,18-40,Male,6,408
2024-02-05,Tamil Nadu,61+,Male,2,402
2024-02-05,Uttar Pradesh,41-60,Male,9,475
2024-02-05,Rajasthan,61+,Male,8,738
2024-02-05,Gujarat,61+,Female,6,126
2024-02-05,Uttar Pradesh,61+,Male,3,439
2024-02-05,Gujarat,61+,Male,3,405
2024-02-05,Tamil Nadu,18-40,Male,5,624
2024-02-05,Karnataka,61+,Male,4,663
2024-02-06,West Bengal,41-60,Female,10,722
2024-02-06,Karnataka,18-40,Female,10,641
2024-02-07,Tamil Nadu,41-60,Female,6,23
2024-02-07,Tamil Nadu,61+,Female,9,179
2024-02-07,West Bengal,41-60,Male,6,118
2024-02-07,Rajasthan,18-40,Female,6,386
2024-02-07,Maharashtra,18-40,Male,5,292
2024-02-08,West Bengal,61+,Male,3,643
2024-02-08,Rajasthan,18-40,Female,9,286
2024-02-08,Karnataka,61+,Female,7,85
2024-02-09,Gujarat,61+,Female,9,709
2024-02-09,Maharashtra,61+,Male,7,403
2024-02-09,Karnataka,18-40,Female,9,668
2024-02-09,Tamil Nadu,41-60,Male,3,317
2024-02-09,Rajasthan,61+,Male,2,101
2024-02-10,Uttar Pradesh,41-60,Male,8,337
2024-02-10,Gujarat,61+,Female,1,425
2024-02-10,Uttar Pradesh,41-60,Female,6,706
2024-02-10,Tamil Nadu,18-40,Female,3,566
2024-02-10,West Bengal,41-60,Female,9,374
2024-02-11,Rajasthan,41-60,Male,6,437
2024-02-11,Uttar Pradesh,41-60,Male,5,562
2024-02-11,Gujarat,18-40,Female,10,704
2024-02-12,Maharashtra,41-60,Female,3,172
2024-02-13,Karnataka,41-60,Female,5,85
2024-02-13,Rajasthan,41-60,Male,3,404
2024-02-13,Maharashtra,61+,Female,4,633
2024-02-13,Karnataka,18-40,Male,9,208
2024-02-13,Rajasthan,61+,Male,4,51
2024-02-13,Rajasthan,41-60,Female,9,587
2024-02-13,Gujarat,41-60,Male,5,307
2024-02-13,Uttar Pradesh,41-60,Female,3,196
2024-02-14,Maharashtra,18-40,Female,4,459
2024-02-14,Tamil Nadu,61+,Male,5,463
2024-02-14,Uttar Pradesh,18-40,Female,7,69
2024-02-14,Tamil Nadu,61+,Male,3,551
2024-02-14,West Bengal,41-60,Male,1,191
2024-02-14,West Bengal,41-60,Female,4,36
2024-02-15,Gujarat,18-40,Male,2,49
2024-02-15,Karnataka,41-60,Male,8,617
2024-02-15,Tamil Nadu,61+,Female,4,580
2024-02-15,Rajasthan,61+,Female,4,343
2024-02-15,Karnataka,61+,Female,1,337
2024-02-15,Karnataka,18-40,Female,8,544
2024-02-15,Karnataka,18-40,Female,1,52
2024-02-15,Uttar Pradesh,18-40,Female,2,641
2024-02-15,Uttar Pradesh,18-40,Female,10,110
2024-02-16,West Bengal,61+,Male,8,566
2024-02-16,Uttar Pradesh,61+,Female,2,240
2024-02-16,Tamil Nadu,18-40,Female,2,556
2024-02-16,Karnataka,61+,Male,4,266
2024-02-16,Uttar Pradesh,61+,Female,2,51
2024-02-16,Gujarat,18-40,Female,9,349
2024-02-17,Gujarat,61+,Male,1,344
2024-02-17,Gujarat,61+,Female,7,501
2024-02-17,Maharashtra,18-40,Female,1,202
2024-02-17,Uttar Pradesh,18-40,Female,3,683
2024-02-17,Gujarat,61+,Female,4,385
2024-02-17,Maharashtra,18-40,Female,10,736
2024-02-17,Tamil Nadu,41-60,Male,2,217
2024-02-18,West Bengal,18-40,Male,8,501
2024-02-18,Tamil Nadu,18-40,Female,9,692
2024-02-18,West Bengal,18-40,Female,5,590
2024-02-18,Uttar Pradesh,41-60,Male,9,313
2024-02-19,West Bengal,41-60,Male,3,702
2024-02-19,Karnataka,41-60,Male,9,224
2024-02-19,Rajasthan,18-40,Male,10,658
2024-02-21,Tamil Nadu,61+,Female,5,457
2024-02-21,Rajasthan,18-40,Male,9,491
2024-02-21,Maharashtra,61+,Male,2,76
2024-02-21,Gujarat,18-40,Female,4,579
2024-02-22,Uttar Pradesh,18-40,Female,8,315
2024-02-22,West Bengal,18-40,Male,3,690
2024-02-22,Maharashtra,41-60,Female,8,311
2024-02-22,Rajasthan,41-60,Male,9,298
2024-02-22,Gujarat,61+,Male,9,574
2024-02-22,Maharashtra,61+,Female,1,110
2024-02-22,West Bengal,41-60,Male,2,275
2024-02-22,Maharashtra,61+,Male,4,718
2024-02-22,Tamil Nadu,41-60,Female,7,100
2024-02-23,Gujarat,61+,Male,4,646
2024-02-23,Uttar Pradesh,41-60,Male,6,556
2024-02-23,Tamil Nadu,18-40,Male,6,395
2024-02-23,Uttar Pradesh,41-60,Male,3,472
2024-02-23,West Bengal,61+,Male,4,166
2024-02-23,Tamil Nadu,18-40,Male,10,77
2024-02-23,Karnataka,41-60,Female,3,476
2024-02-24,Gujarat,41-60,Male,9,180
2024-02-24,Tamil Nadu,41-60,Female,5,130
2024-02-24,Rajasthan,41-60,Female,6,699
2024-02-24,Maharashtra,41-60,Female,7,521
2024-02-24,Karnataka,18-40,Female,4,88
2024-02-24,Gujarat,61+,Female,4,455
2024-02-25,Rajasthan,41-60,Male,7,92
2024-02-25,Maharashtra,41-60,Female,4,25
2024-02-25,Maharashtra,41-60,Male,6,64
2024-02-25,Gujarat,41-60,Female,4,570
2024-02-25,Tamil Nadu,18-40,Female,7,548
2024-02-25,Uttar Pradesh,41-60,Female,9,94
2024-02-26,Uttar Pradesh,18-40,Male,10,20
2024-02-26,West Bengal,18-40,Female,4,224
2024-02-26,Gujarat,41-60,Female,1,439
2024-02-27,Gujarat,18-40,Male,5,188
2024-02-27,Rajasthan,41-60,Female,1,147
2024-02-27,Tamil Nadu,61+,Male,7,230
2024-02-27,Karnataka,18-40,Female,6,358
2024-02-28,Tamil Nadu,18-40,Male,5,455
2024-02-28,Uttar Pradesh,41-60,Male,9,305
2024-02-29,Uttar Pradesh,41-60,Female,7,194
2024-02-29,Maharashtra,41-60,Female,10,538
2024-02-29,West Bengal,61+,Female,7,602
2024-02-29,West Bengal,18-40,Female,8,707
2024-02-29,West Bengal,61+,Male,1,135
2024-02-29,Maharashtra,41-60,Female,1,291
2024-03-01,Gujarat,61+,Male,9,685
2024-03-01,Maharashtra,61+,Female,1,570
2024-03-01,Gujarat,41-60,Female,9,308
2024-03-01,Gujarat,18-40,Male,7,213
2024-03-02,Uttar Pradesh,41-60,Female,3,718
2024-03-02,Maharashtra,41-60,Female,9,610
2024-03-02,Tamil Nadu,18-40,Male,10,423
2024-03-02,Maharashtra,18-40,Male,1,472
2024-03-03,West Bengal,61+,Female,8,522
2024-03-03,Karnataka,41-60,Female,3,635
2024-03-03,West Bengal,41-60,Male,7,245
2024-03-03,Gujarat,61+,Female,9,702
2024-03-04,Rajasthan,61+,Male,4,276
2024-03-04,Tamil Nadu,41-60,Female,9,542
2024-03-04,Maharashtra,61+,Male,3,550
2024-03-04,West Bengal,61+,Female,6,481
2024-03-04,Tamil Nadu,61+,Female,6,528
2024-03-05,Karnataka,41-60,Female,1,209
2024-03-05,Tamil Nadu,61+,Male,10,660
2024-03-05,Maharashtra,18-40,Female,1,394
2024-03-06,Tamil Nadu,61+,Male,6,119
2024-03-06,Tamil Nadu,18-40,Female,7,350
2024-03-06,Tamil Nadu,41-60,Male,5,648
2024-03-06,Gujarat,18-40,Female,9,355
2024-03-07,Rajasthan,41-60,Female,8,606
2024-03-07,Maharashtra,61+,Female,4,308
2024-03-07,Karnataka,41-60,Female,7,252
2024-03-07,West Bengal,61+,Female,4,275
2024-03-07,Gujarat,41-60,Female,6,290
2024-03-07,Maharashtra,41-60,Male,8,317
2024-03-07,Rajasthan,18-40,Female,2,495
2024-03-08,Karnataka,18-40,Male,8,571
2024-03-08,Maharashtra,61+,Male,8,496
2024-03-08,Uttar Pradesh,41-60,Female,10,659
2024-03-08,Karnataka,61+,Female,2,667
2024-03-08,Maharashtra,61+,Female,2,702
2024-03-09,West Bengal,41-60,Male,9,228
2024-03-09,West Bengal,18-40,Female,2,72
2024-03-09,Maharashtra,61+,Male,8,728
2024-03-09,Karnataka,61+,Male,7,72
2024-03-09,West Bengal,61+,Female,8,567
2024-03-09,Karnataka,61+,Female,4,285
2024-03-09,West Bengal,41-60,Male,1,348
2024-03-10,Maharashtra,61+,Female,3,101
2024-03-10,Maharashtra,18-40,Female,2,112
2024-03-10,West Bengal,18-40,Male,10,280
2024-03-10,Gujarat,41-60,Female,10,474
2024-03-10,Rajasthan,61+,Female,1,654
2024-03-10,Karnataka,18-40,Female,2,505
2024-03-11,Uttar Pradesh,41-60,Female,10,367
2024-03-11,Gujarat,61+,Female,5,137
2024-03-11,Tamil Nadu,41-60,Female,5,191
2024-03-11,Tamil Nadu,61+,Female,1,556
2024-03-11,Karnataka,18-40,Male,10,306
2024-03-11,Gujarat,41-60,Female,9,90
2024-03-12,Gujarat,18-40,Female,2,697
2024-03-12,Gujarat,18-40,Female,3,477
2024-03-12,Uttar Pradesh,41-60,Female,4,456
2024-03-12,Karnataka,61+,Female,10,310
2024-03-12,Gujarat,18-40,Female,6,563
2024-03-12,Gujarat,61+,Male,7,205
2024-03-12,West Bengal,18-40,Female,1,506
2024-03-12,Tamil Nadu,18-40,Female,1,595
2024-03-13,Karnataka,41-60,Male,10,493
2024-03-13,Gujarat,61+,Male,4,505
2024-03-13,West Bengal,41-60,Female,10,691
2024-03-13,Uttar Pradesh,61+,Female,8,145
2024-03-14,Karnataka,41-60,Female,8,310
2024-03-14,Uttar Pradesh,41-60,Male,4,678
2024-03-14,Rajasthan,61+,Female,9,508
2024-03-15,Tamil Nadu,61+,Male,8,70
2024-03-15,Uttar Pradesh,41-60,Female,5,684
2024-03-15,Maharashtra,18-40,Male,8,202
2024-03-15,Uttar Pradesh,41-60,Female,8,499
2024-03-15,West Bengal,41-60,Male,9,529
2024-03-15,Gujarat,41-60,Male,7,603
2024-03-15,Uttar Pradesh,41-60,Male,2,301
2024-03-16,West Bengal,41-60,Female,9,97
2024-03-16,Karnataka,61+,Female,5,383
2024-03-16,Rajasthan,18-40,Female,4,627
2024-03-16,Gujarat,61+,Female,1,347
2024-03-16,Maharashtra,61+,Male,4,517
2024-03-16,Tamil Nadu,61+,Female,6,443
2024-03-16,Uttar Pradesh,41-60,Female,7,575
2024-03-16,Gujarat,18-40,Female,7,412
2024-03-17,Tamil Nadu,41-60,Male,2,224
2024-03-17,Uttar Pradesh,61+,Female,6,236
2024-03-17,Uttar Pradesh,41-60,Male,10,703
2024-03-17,Karnataka,41-60,Female,8,52
2024-03-17,Rajasthan,41-60,Male,4,160
2024-03-17,Uttar Pradesh,61+,Male,2,430
2024-03-18,Rajasthan,18-40,Male,4,272
2024-03-18,Maharashtra,41-60,Male,1,670
2024-03-18,Karnataka,41-60,Female,8,531
2024-03-18,Rajasthan,41-60,Male,7,91
2024-03-18,West Bengal,18-40,Female,4,153
2024-03-18,Gujarat,18-40,Female,2,142
2024-03-18,West Bengal,18-40,Female,5,358
2024-03-18,Uttar Pradesh,61+,Female,10,443
2024-03-19,Karnataka,18-40,Female,9,171
2024-03-20,Karnataka,41-60,Female,6,438
2024-03-20,Gujarat,61+,Male,4,627
2024-03-20,Karnataka,18-40,Female,9,99
2024-03-20,Rajasthan,41-60,Female,9,271
2024-03-21,Gujarat,41-60,Female,9,544
2024-03-21,Maharashtra,61+,Female,6,40
2024-03-21,Tamil Nadu,41-60,Female,7,603
2024-03-21,Karnataka,61+,Male,10,349
2024-03-21,Tamil Nadu,41-60,Male,7,364
2024-03-21,West Bengal,41-60,Male,10,154
2024-03-22,Rajasthan,18-40,Male,3,693
2024-03-22,West Bengal,41-60,Female,3,22
2024-03-22,Gujarat,61+,Female,1,70
2024-03-22,Karnataka,18-40,Male,10,712
2024-03-23,Maharashtra,61+,Female,7,477
2024-03-23,Karnataka,18-40,Male,10,685
2024-03-23,Tamil Nadu,41-60,Male,2,222
2024-03-23,West Bengal,18-40,Female,7,259
2024-03-24,Rajasthan,18-40,Female,3,385
2024-03-24,Karnataka,41-60,Male,9,664
2024-03-24,West Bengal,61+,Male,4,641
2024-03-24,Tamil Nadu,41-60,Female,5,366
2024-03-25,Uttar Pradesh,61+,Male,5,284
2024-03-25,Karnataka,41-60,Male,8,733
2024-03-25,Rajasthan,18-40,Male,2,588
2024-03-25,West Bengal,18-40,Female,3,346
2024-03-25,Tamil Nadu,61+,Female,4,663
2024-03-26,Maharashtra,41-60,Female,7,573
2024-03-26,West Bengal,41-60,Male,6,364
2024-03-26,Karnataka,18-40,Female,4,27
2024-03-26,Karnataka,61+,Female,7,45
2024-03-26,Uttar Pradesh,41-60,Female,8,293
2024-03-26,Gujarat,61+,Female,5,363
2024-03-26,Maharashtra,41-60,Male,10,387
2024-03-27,Karnataka,41-60,Female,2,690
2024-03-27,Tamil Nadu,41-60,Female,3,286
2024-03-27,Karnataka,41-60,Female,1,686
2024-03-27,Tamil Nadu,61+,Female,4,74
2024-03-27,Maharashtra,61+,Female,6,298
2024-03-27,Maharashtra,41-60,Male,7,636
2024-03-28,Gujarat,61+,Male,2,495
2024-03-28,Gujarat,61+,Female,2,477
2024-03-28,Rajasthan,41-60,Female,4,246
2024-03-28,Tamil Nadu,61+,Male,5,121
2024-03-29,Gujarat,18-40,Male,3,394
2024-03-29,Karnataka,41-60,Female,10,582
2024-03-29,Maharashtra,61+,Female,10,321
2024-03-29,Uttar Pradesh,41-60,Female,5,545
2024-03-29,West Bengal,41-60,Female,9,476
2024-03-29,Karnataka,18-40,Female,3,42
2024-03-29,Uttar Pradesh,41-60,Female,8,387
2024-03-29,Uttar Pradesh,18-40,Female,6,351
2024-03-30,Uttar Pradesh,61+,Female,7,579
2024-03-30,West Bengal,61+,Female,3,222
2024-03-30,Rajasthan,61+,Male,2,569
2024-03-30,Gujarat,18-40,Female,10,509
2024-03-30,Rajasthan,18-40,Male,1,269
2024-03-30,Gujarat,61+,Female,7,171
2024-03-30,Karnataka,18-40,Male,1,670
2024-03-30,Tamil Nadu,41-60,Male,3,672
2024-03-31,Uttar Pradesh,41-60,Male,8,235
2024-03-31,Maharashtra,41-60,Male,4,361
2024-03-31,Tamil Nadu,41-60,Female,4,24
2024-03-31,Maharashtra,61+,Male,4,294
2024-03-31,Karnataka,41-60,Female,6,221
2024-03-31,Maharashtra,61+,Male,2,353
2024-03-31,Uttar Pradesh,18-40,Female,8,103
2024-04-01,Karnataka,61+,Female,2,683
2024-04-01,Uttar Pradesh,61+,Male,1,487
2024-04-01,Maharashtra,61+,Male,9,100
2024-04-01,Maharashtra,18-40,Male,6,253
2024-04-01,Gujarat,18-40,Female,8,229
2024-04-02,Tamil Nadu,18-40,Female,4,736
2024-04-02,Rajasthan,41-60,Female,8,590
2024-04-02,Tamil Nadu,41-60,Female,6,50
2024-04-02,West Bengal,61+,Male,7,342
2024-04-02,Karnataka,41-60,Male,7,260
2024-04-02,Rajasthan,41-60,Female,5,322
2024-04-02,Uttar Pradesh,18-40,Male,4,453
2024-04-02,Tamil Nadu,61+,Female,4,218
2024-04-02,Gujarat,18-40,Male,5,674
2024-04-02,Karnataka,41-60,Female,10,148
2024-04-03,Karnataka,18-40,Female,4,90
2024-04-03,Maharashtra,61+,Female,9,478
2024-04-03,Uttar Pradesh,41-60,Female,9,291
2024-04-03,West Bengal,41-60,Female,7,267
2024-04-03,Maharashtra,41-60,Female,9,86
2024-04-03,Uttar Pradesh,18-40,Male,6,141
2024-04-03,Uttar Pradesh,41-60,Male,8,251
2024-04-04,Uttar Pradesh,61+,Female,4,425
2024-04-04,Maharashtra,61+,Female,7,123
2024-04-05,West Bengal,61+,Male,8,672
2024-04-05,Gujarat,61+,Male,8,638
2024-04-05,Karnataka,61+,Female,9,729
2024-04-05,Karnataka,61+,Male,7,452
2024-04-05,Gujarat,61+,Male,1,501
2024-04-05,Uttar Pradesh,61+,Female,10,428
2024-04-05,Uttar Pradesh,41-60,Male,7,120
2024-04-05,Maharashtra,18-40,Female,9,212
2024-04-05,Karnataka,41-60,Female,4,720
2024-04-06,Rajasthan,18-40,Male,5,327
2024-04-06,Uttar Pradesh,61+,Male,7,179
2024-04-07,Gujarat,61+,Male,4,56
2024-04-07,Gujarat,41-60,Male,8,189
2024-04-07,West Bengal,61+,Female,1,21
2024-04-07,Karnataka,61+,Male,7,641
2024-04-07,Rajasthan,41-60,Female,10,573
2024-04-07,West Bengal,18-40,Male,5,158
2024-04-07,Gujarat,61+,Female,10,217
2024-04-08,Maharashtra,41-60,Female,8,87
2024-04-08,Gujarat,41-60,Female,4,363
2024-04-08,Karnataka,18-40,Female,4,722
2024-04-08,Karnataka,41-60,Male,1,734
2024-04-08,Uttar Pradesh,18-40,Male,6,133
2024-04-08,Maharashtra,41-60,Male,4,69
2024-04-08,Karnataka,18-40,Male,3,349
2024-04-09,Maharashtra,18-40,Male,4,605
2024-04-09,Rajasthan,41-60,Female,8,329
2024-04-09,Tamil Nadu,41-60,Male,2,299
2024-04-09,Tamil Nadu,18-40,Male,6,663
2024-04-10,Gujarat,18-40,Male,5,649
2024-04-10,Uttar Pradesh,18-40,Female,7,86
2024-04-10,Rajasthan,61+,Female,1,688
2024-04-10,Karnataka,61+,Male,2,140
2024-04-10,West Bengal,41-60,Male,5,640
2024-04-10,Karnataka,41-60,Male,2,131
2024-04-10,Maharashtra,61+,Male,5,170
2024-04-11,Uttar Pradesh,41-60,Female,6,430
2024-04-11,Gujarat,61+,Male,2,158
2024-04-11,Gujarat,18-40,Male,6,267
2024-04-11,Gujarat,18-40,Female,9,217
2024-04-12,Uttar Pradesh,61+,Male,1,629
2024-04-12,Uttar Pradesh,41-60,Female,1,98
2024-04-12,West Bengal,61+,Female,6,442
2024-04-12,Gujarat,41-60,Male,8,297
2024-04-12,Karnataka,18-40,Male,9,587
2024-04-12,Maharashtra,61+,Male,2,589
2024-04-13,Uttar Pradesh,41-60,Female,10,704
2024-04-13,Uttar Pradesh,61+,Male,8,640
2024-04-13,Gujarat,18-40,Male,2,266
2024-04-13,Karnataka,18-40,Male,4,543
2024-04-13,West Bengal,41-60,Female,1,53
2024-04-14,West Bengal,41-60,Male,2,184
2024-04-14,Maharashtra,41-60,Female,8,483
2024-04-14,Maharashtra,41-60,Male,2,508
2024-04-14,West Bengal,61+,Male,6,480
2024-04-14,Karnataka,41-60,Female,9,361
2024-04-14,Rajasthan,41-60,Female,9,423
2024-04-14,Karnataka,18-40,Female,5,688
2024-04-14,Rajasthan,18-40,Female,3,320
2024-04-15,Karnataka,18-40,Female,3,621
2024-04-15,Tamil Nadu,18-40,Male,9,274
2024-04-15,Gujarat,18-40,Male,9,31
2024-04-15,Gujarat,41-60,Male,4,466
2024-04-15,Karnataka,41-60,Male,3,696
2024-04-15,Rajasthan,61+,Female,3,440
2024-04-16,Tamil Nadu,18-40,Female,10,223
2024-04-16,Maharashtra,41-60,Male,7,275
2024-04-16,Rajasthan,41-60,Female,6,300
2024-04-17,Rajasthan,41-60,Male,7,252
2024-04-17,Uttar Pradesh,41-60,Male,4,53
2024-04-17,Karnataka,41-60,Male,7,61
2024-04-17,West Bengal,41-60,Male,7,319
2024-04-17,Maharashtra,18-40,Female,6,123
2024-04-17,Rajasthan,61+,Male,9,573
2024-04-17,Maharashtra,18-40,Female,2,587
2024-04-17,Karnataka,61+,Female,4,298
2024-04-17,Uttar Pradesh,41-60,Female,7,227
2024-04-17,Gujarat,41-60,Male,6,438
2024-04-17,Rajasthan,18-40,Female,10,389
2024-04-18,Uttar Pradesh,41-60,Male,1,222
2024-04-18,Karnataka,41-60,Female,3,177
2024-04-18,West Bengal,18-40,Male,6,678
2024-04-18,West Bengal,18-40,Male,3,465
2024-04-19,Karnataka,61+,Female,10,379
2024-04-19,Maharashtra,41-60,Female,4,438
2024-04-19,West Bengal,61+,Male,6,36
2024-04-19,Karnataka,18-40,Male,1,163
2024-04-19,Gujarat,18-40,Female,6,160
2024-04-19,West Bengal,61+,Female,3,605
2024-04-19,Gujarat,61+,Female,4,162
2024-04-20,Karnataka,41-60,Female,4,576
2024-04-20,Karnataka,18-40,Male,5,320
2024-04-20,West Bengal,18-40,Male,5,199
2024-04-21,Gujarat,61+,Female,4,545
2024-04-21,Gujarat,41-60,Female,1,595
2024-04-21,Tamil Nadu,41-60,Female,5,741
2024-04-21,Rajasthan,18-40,Female,1,164
2024-04-21,Tamil Nadu,41-60,Female,3,495
2024-04-21,West Bengal,18-40,Female,7,361
2024-04-21,West Bengal,41-60,Female,3,603
2024-04-22,Rajasthan,18-40,Male,5,739
2024-04-22,Maharashtra,18-40,Male,1,624
2024-04-22,Karnataka,61+,Male,3,342
2024-04-22,Gujarat,18-40,Female,1,97
2024-04-22,Gujarat,61+,Female,10,241
2024-04-23,Tamil Nadu,61+,Male,4,61
2024-04-23,Rajasthan,41-60,Male,3,411
2024-04-23,Rajasthan,18-40,Female,5,694
2024-04-23,Maharashtra,41-60,Female,10,582
2024-04-23,West Bengal,41-60,Female,8,455
2024-04-23,Uttar Pradesh,61+,Female,6,739
2024-04-24,Rajasthan,18-40,Female,3,748
2024-04-24,West Bengal,41-60,Female,6,308
2024-04-24,Maharashtra,61+,Male,3,275
2024-04-24,Karnataka,18-40,Male,9,339
2024-04-24,Rajasthan,18-40,Male,8,721
2024-04-24,Karnataka,61+,Male,4,256
2024-04-24,Maharashtra,41-60,Female,2,339
2024-04-25,Tamil Nadu,18-40,Male,7,604
2024-04-25,West Bengal,41-60,Female,4,322
2024-04-25,Tamil Nadu,41-60,Male,6,344
2024-04-25,Gujarat,41-60,Male,8,328
2024-04-25,Rajasthan,18-40,Female,9,743
2024-04-25,Tamil Nadu,41-60,Female,1,29
2024-04-26,Uttar Pradesh,61+,Female,4,174
2024-04-26,Tamil Nadu,18-40,Female,9,417
2024-04-26,Karnataka,41-60,Female,5,697
2024-04-26,Karnataka,61+,Male,1,511
2024-04-26,Tamil Nadu,41-60,Male,6,417
2024-04-26,Rajasthan,41-60,Male,7,379
2024-04-26,Tamil Nadu,41-60,Female,6,114
2024-04-26,Rajasthan,18-40,Male,2,408
2024-04-27,West Bengal,18-40,Female,7,209
2024-04-27,Maharashtra,41-60,Male,5,329
2024-04-27,Maharashtra,61+,Male,7,390
2024-04-27,West Bengal,41-60,Male,9,310
2024-04-27,Karnataka,61+,Male,1,330
2024-04-28,West Bengal,41-60,Male,7,656
2024-04-28,Maharashtra,61+,Male,10,377
2024-04-28,Rajasthan,18-40,Male,5,527
2024-04-28,Maharashtra,18-40,Male,9,259
2024-04-28,Rajasthan,18-40,Male,4,566
2024-04-28,Maharashtra,41-60,Male,9,413
2024-04-29,Tamil Nadu,61+,Female,1,745
2024-04-29,Tamil Nadu,61+,Female,8,174
2024-04-29,Karnataka,61+,Female,9,27
2024-04-29,West Bengal,41-60,Male,4,725
2024-04-29,Maharashtra,18-40,Female,4,41
2024-04-30,Rajasthan,41-60,Female,1,35
2024-04-30,Uttar Pradesh,41-60,Male,5,625
2024-04-30,Karnataka,61+,Male,2,288
2024-04-30,West Bengal,41-60,Male,8,481
2024-04-30,Karnataka,18-40,Male,10,699
2024-04-30,West Bengal,61+,Female,5,415
2024-04-30,West Bengal,61+,Male,5,252
2024-05-01,Rajasthan,18-40,Female,3,367
2024-05-01,Tamil Nadu,61+,Female,10,515
2024-05-01,Karnataka,18-40,Male,3,126
2024-05-01,Tamil Nadu,18-40,Female,7,214
2024-05-01,Rajasthan,41-60,Female,5,474
2024-05-02,Maharashtra,61+,Female,7,593
2024-05-02,West Bengal,61+,Female,9,276
2024-05-02,Gujarat,41-60,Male,9,556
2024-05-02,Gujarat,18-40,Female,1,453
2024-05-02,Maharashtra,41-60,Male,1,264
2024-05-02,Karnataka,41-60,Male,8,330
2024-05-03,Gujarat,41-60,Male,9,515
2024-05-03,Gujarat,18-40,Male,4,177
2024-05-03,Gujarat,41-60,Female,5,55
2024-05-03,Karnataka,61+,Female,2,221
2024-05-03,Tamil Nadu,41-60,Female,9,639
2024-05-04,Uttar Pradesh,41-60,Male,6,21
2024-05-04,Gujarat,18-40,Female,1,725
2024-05-04,West Bengal,41-60,Male,5,366
2024-05-04,West Bengal,61+,Male,9,62
2024-05-04,Maharashtra,61+,Male,2,737
2024-05-04,West Bengal,18-40,Female,6,467
2024-05-04,Karnataka,41-60,Male,3,585
2024-05-05,Rajasthan,41-60,Male,4,96
2024-05-05,Gujarat,18-40,Female,7,202
2024-05-05,Rajasthan,41-60,Male,8,498
2024-05-05,Karnataka,41-60,Female,5,250
2024-05-05,Maharashtra,18-40,Male,2,534
2024-05-05,Gujarat,41-60,Female,2,319
2024-05-06,Rajasthan,18-40,Male,6,290
2024-05-06,West Bengal,41-60,Female,10,476
2024-05-06,Rajasthan,18-40,Female,4,311
2024-05-06,Rajasthan,41-60,Female,3,270
2024-05-06,West Bengal,61+,Male,3,101
2024-05-06,Karnataka,61+,Male,4,80
2024-05-06,Karnataka,41-60,Female,1,64
2024-05-07,Karnataka,41-60,Female,9,717
2024-05-07,Tamil Nadu,18-40,Male,3,120
2024-05-07,Rajasthan,18-40,Male,8,385
2024-05-07,Uttar Pradesh,41-60,Female,7,703
2024-05-07,Rajasthan,61+,Male,6,552
2024-05-07,Gujarat,41-60,Female,1,736
2024-05-08,Tamil Nadu,41-60,Female,6,607
2024-05-08,Karnataka,41-60,Female,5,132
2024-05-08,Maharashtra,18-40,Male,1,642
2024-05-08,Uttar Pradesh,18-40,Male,4,55
2024-05-09,Maharashtra,41-60,Female,1,493
2024-05-09,Maharashtra,41-60,Female,2,478
2024-05-09,Tamil Nadu,18-40,Male,4,221
2024-05-09,Karnataka,61+,Male,3,713
2024-05-09,West Bengal,61+,Female,9,243
2024-05-09,Tamil Nadu,18-40,Male,1,220
2024-05-09,Rajasthan,18-40,Female,1,410
2024-05-10,Uttar Pradesh,61+,Female,2,343
2024-05-10,Maharashtra,41-60,Female,5,499
2024-05-10,Gujarat,61+,Male,10,619
2024-05-10,West Bengal,41-60,Female,9,407
2024-05-10,Karnataka,61+,Female,9,133
2024-05-10,Tamil Nadu,18-40,Female,9,415
2024-05-10,Karnataka,61+,Female,1,390
2024-05-10,Uttar Pradesh,41-60,Female,3,348
2024-05-11,Tamil Nadu,18-40,Female,10,48
2024-05-11,West Bengal,41-60,Female,9,183
2024-05-12,Gujarat,61+,Male,9,644
2024-05-12,Karnataka,18-40,Female,3,143
2024-05-12,Maharashtra,41-60,Female,1,220
2024-05-12,Gujarat,18-40,Female,6,190
2024-05-12,Gujarat,41-60,Female,5,475
2024-05-12,West Bengal,18-40,Female,3,191
2024-05-12,Rajasthan,41-60,Male,10,414
2024-05-12,Karnataka,41-60,Male,10,264
2024-05-12,Gujarat,61+,Female,10,120
2024-05-13,Maharashtra,41-60,Female,4,690
2024-05-13,Tamil Nadu,41-60,Female,7,604
2024-05-13,Karnataka,41-60,Male,4,569
2024-05-13,Gujarat,61+,Female,8,204
2024-05-13,West Bengal,41-60,Female,6,352
2024-05-13,Rajasthan,41-60,Male,5,705
2024-05-13,West Bengal,18-40,Male,6,179
2024-05-13,Gujarat,41-60,Male,2,715
2024-05-13,Maharashtra,18-40,Male,4,102
2024-05-14,Rajasthan,61+,Male,1,221
2024-05-14,Karnataka,41-60,Female,1,61
2024-05-14,West Bengal,61+,Male,8,204
2024-05-15,Gujarat,18-40,Female,1,317
2024-05-15,Gujarat,41-60,Female,9,119
2024-05-15,Karnataka,61+,Female,9,531
2024-05-16,Rajasthan,41-60,Female,8,481
2024-05-16,Gujarat,61+,Female,9,302
2024-05-16,Karnataka,61+,Male,6,146
2024-05-16,Tamil Nadu,61+,Female,4,540
2024-05-16,Rajasthan,61+,Male,2,471
2024-05-17,Uttar Pradesh,41-60,Male,4,288
2024-05-17,Uttar Pradesh,18-40,Male,9,621
2024-05-17,Tamil Nadu,18-40,Female,9,441
2024-05-18,Uttar Pradesh,61+,Male,10,242
2024-05-18,Uttar Pradesh,61+,Male,10,237
2024-05-19,Rajasthan,41-60,Female,3,520
2024-05-19,Tamil Nadu,41-60,Female,5,527
2024-05-19,West Bengal,41-60,Male,8,551
2024-05-19,Uttar Pradesh,41-60,Female,3,556
2024-05-19,West Bengal,61+,Female,8,29
2024-05-19,Karnataka,41-60,Male,4,543
2024-05-19,Maharashtra,18-40,Male,4,693
2024-05-19,Rajasthan,41-60,Female,3,227
2024-05-19,Maharashtra,41-60,Male,2,630
2024-05-19,West Bengal,41-60,Male,10,200
2024-05-19,Rajasthan,41-60,Female,6,716
2024-05-20,Tamil Nadu,41-60,Male,3,318
2024-05-20,Karnataka,61+,Female,7,604
2024-05-20,Uttar Pradesh,41-60,Female,2,299
2024-05-20,Rajasthan,61+,Female,4,317
2024-05-20,Gujarat,41-60,Female,4,499
2024-05-20,Uttar Pradesh,18-40,Female,3,643
2024-05-21,Karnataka,41-60,Male,9,695
2024-05-21,Karnataka,61+,Female,10,671
2024-05-21,West Bengal,61+,Male,7,572
2024-05-21,Gujarat,41-60,Male,7,687
2024-05-21,Gujarat,41-60,Male,8,557
2024-05-21,Karnataka,18-40,Male,6,524
2024-05-21,Maharashtra,41-60,Female,8,413
2024-05-21,Maharashtra,41-60,Female,10,386
2024-05-21,Tamil Nadu,61+,Male,10,159
2024-05-21,Tamil Nadu,41-60,Female,3,79
2024-05-22,West Bengal,41-60,Male,7,501
2024-05-22,West Bengal,61+,Female,2,135
2024-05-22,Tamil Nadu,41-60,Male,9,519
2024-05-22,Karnataka,41-60,Female,9,146
2024-05-22,Maharashtra,61+,Female,7,318
2024-05-22,Maharashtra,18-40,Female,5,563
2024-05-22,Uttar Pradesh,41-60,Male,9,741
2024-05-23,Rajasthan,61+,Female,1,749
2024-05-23,Uttar Pradesh,18-40,Female,3,129
2024-05-23,Maharashtra,41-60,Male,3,27
2024-05-23,Karnataka,18-40,Female,1,388
2024-05-23,Karnataka,41-60,Male,4,22
2024-05-23,Karnataka,18-40,Female,5,478
2024-05-23,Karnataka,61+,Female,6,394
2024-05-24,Maharashtra,18-40,Male,8,514
2024-05-24,Gujarat,41-60,Male,4,132
2024-05-24,Maharashtra,18-40,Female,2,514
2024-05-24,Tamil Nadu,18-40,Female,10,710
2024-05-25,Tamil Nadu,61+,Female,9,647
2024-05-25,Gujarat,61+,Female,10,368
2024-05-25,Gujarat,61+,Male,8,575
2024-05-25,Maharashtra,41-60,Female,4,282
2024-05-25,Karnataka,41-60,Male,5,135
2024-05-25,Tamil Nadu,41-60,Male,10,312
2024-05-26,Gujarat,61+,Male,9,400
2024-05-26,Maharashtra,18-40,Female,1,473
2024-05-26,West Bengal,61+,Male,7,81
2024-05-26,Gujarat,18-40,Female,7,210
2024-05-27,Maharashtra,61+,Female,7,648
2024-05-27,Gujarat,41-60,Male,3,607
2024-05-27,Gujarat,18-40,Male,10,227
2024-05-27,Tamil Nadu,61+,Male,4,674
2024-05-27,Uttar Pradesh,61+,Female,2,339
2024-05-27,Rajasthan,61+,Female,7,489
2024-05-27,West Bengal,61+,Male,8,320
2024-05-28,West Bengal,18-40,Male,7,624
2024-05-28,Karnataka,18-40,Female,2,307
2024-05-28,Uttar Pradesh,18-40,Male,1,484
2024-05-28,Rajasthan,41-60,Female,3,177
2024-05-28,Gujarat,61+,Female,3,378
2024-05-28,Karnataka,41-60,Female,10,357
2024-05-28,Uttar Pradesh,18-40,Female,10,52
2024-05-28,Tamil Nadu,61+,Male,8,518
2024-05-29,Tamil Nadu,41-60,Female,6,234
2024-05-29,West Bengal,18-40,Female,3,225
2024-05-29,Tamil Nadu,18-40,Male,9,697
2024-05-29,Maharashtra,61+,Male,5,608
2024-05-29,Gujarat,41-60,Female,10,237
2024-05-29,Gujarat,41-60,Female,8,511
2024-05-29,Gujarat,18-40,Female,8,474
2024-05-29,Gujarat,18-40,Male,9,287
2024-05-30,Gujarat,61+,Male,10,719
2024-05-30,Karnataka,41-60,Male,2,640
2024-05-30,Maharashtra,61+,Male,3,305
2024-05-30,Rajasthan,61+,Female,7,316
2024-05-30,Tamil Nadu,61+,Male,8,46
2024-05-30,Maharashtra,61+,Female,2,577
2024-05-30,Rajasthan,18-40,Female,3,152
2024-05-30,Maharashtra,41-60,Female,5,633
2024-05-30,Karnataka,61+,Female,1,590
2024-05-30,Tamil Nadu,61+,Female,6,212
2024-05-30,Gujarat,41-60,Male,2,351
2024-05-30,Gujarat,61+,Female,8,731
2024-05-31,Uttar Pradesh,18-40,Male,6,682
2024-05-31,Maharashtra,18-40,Male,4,241
2024-05-31,Rajasthan,61+,Female,2,698
2024-05-31,Rajasthan,61+,Male,2,724
2024-05-31,West Bengal,61+,Female,2,231
2024-06-01,Rajasthan,61+,Female,5,231
2024-06-01,Karnataka,41-60,Male,7,340
2024-06-02,Tamil Nadu,41-60,Female,8,704
2024-06-02,Maharashtra,18-40,Male,4,473
2024-06-02,Rajasthan,41-60,Female,10,167
2024-06-02,Karnataka,18-40,Female,1,179
2024-06-03,Karnataka,18-40,Female,2,247
2024-06-03,Maharashtra,41-60,Female,7,74
2024-06-03,West Bengal,61+,Male,4,728
2024-06-03,Maharashtra,61+,Female,10,40
2024-06-04,Uttar Pradesh,41-60,Female,2,491
2024-06-04,Karnataka,41-60,Female,10,400
2024-06-04,Karnataka,18-40,Female,9,258
2024-06-04,Maharashtra,18-40,Male,6,184
2024-06-04,Uttar Pradesh,41-60,Female,7,710
2024-06-04,Maharashtra,41-60,Female,4,138
2024-06-04,Rajasthan,61+,Female,5,269
2024-06-04,Uttar Pradesh,41-60,Female,8,179
2024-06-04,Gujarat,41-60,Female,2,727
2024-06-05,West Bengal,41-60,Female,1,176
2024-06-05,Maharashtra,18-40,Male,9,560
2024-06-05,Maharashtra,41-60,Female,5,265
2024-06-05,Uttar Pradesh,41-60,Male,1,742
2024-06-05,Karnataka,61+,Female,2,618
2024-06-05,Maharashtra,41-60,Female,2,656
2024-06-06,Uttar Pradesh,41-60,Female,10,452
2024-06-06,Tamil Nadu,18-40,Female,10,431
2024-06-06,West Bengal,61+,Female,6,79
2024-06-06,Karnataka,61+,Male,4,679
2024-06-06,Tamil Nadu,41-60,Male,8,371
2024-06-06,Uttar Pradesh,18-40,Female,6,558
2024-06-06,Maharashtra,18-40,Female,8,648
2024-06-07,Uttar Pradesh,41-60,Male,5,490
2024-06-07,Uttar Pradesh,18-40,Male,10,496
2024-06-07,Tamil Nadu,41-60,Male,6,86
2024-06-07,Uttar Pradesh,18-40,Female,2,187
2024-06-07,Tamil Nadu,41-60,Female,9,455
2024-06-07,Gujarat,18-40,Female,7,406
2024-06-07,Maharashtra,61+,Female,1,242
2024-06-08,Rajasthan,41-60,Male,9,181
2024-06-08,Uttar Pradesh,18-40,Male,9,26
2024-06-08,Gujarat,18-40,Male,2,429
2024-06-08,Rajasthan,61+,Female,4,587
2024-06-08,Uttar Pradesh,41-60,Female,5,393
2024-06-08,Gujarat,18-40,Female,5,445
2024-06-09,West Bengal,41-60,Female,6,523
2024-06-09,Gujarat,61+,Male,8,571
2024-06-09,West Bengal,41-60,Male,5,420
2024-06-09,Uttar Pradesh,18-40,Male,5,568
2024-06-09,Tamil Nadu,41-60,Female,7,29
2024-06-09,Tamil Nadu,18-40,Female,7,412
2024-06-10,Uttar Pradesh,41-60,Female,7,102
2024-06-10,Karnataka,41-60,Male,6,327
2024-06-10,Uttar Pradesh,18-40,Female,9,689
2024-06-11,Tamil Nadu,41-60,Male,6,675
2024-06-11,Gujarat,61+,Male,6,95
2024-06-11,Uttar Pradesh,18-40,Female,1,312
2024-06-11,Maharashtra,41-60,Male,6,453
2024-06-11,Karnataka,41-60,Male,6,28
2024-06-12,Tamil Nadu,61+,Male,7,286
2024-06-12,Uttar Pradesh,61+,Male,6,422
2024-06-13,Tamil Nadu,41-60,Male,7,734
2024-06-13,Gujarat,41-60,Female,9,609
2024-06-13,Maharashtra,61+,Male,6,63
2024-06-13,Tamil Nadu,61+,Female,6,259
2024-06-13,Uttar Pradesh,41-60,Female,9,604
2024-06-13,Karnataka,41-60,Female,8,724
2024-06-13,Tamil Nadu,18-40,Female,9,747
2024-06-13,Uttar Pradesh,41-60,Male,9,159
2024-06-13,West Bengal,61+,Male,7,238
2024-06-14,Tamil Nadu,18-40,Female,2,512
2024-06-14,Maharashtra,41-60,Female,7,209
2024-06-14,Maharashtra,18-40,Male,9,350
2024-06-14,Uttar Pradesh,41-60,Female,9,720
2024-06-14,Uttar Pradesh,41-60,Male,2,43
2024-06-15,Uttar Pradesh,18-40,Male,1,688
2024-06-15,West Bengal,61+,Female,5,651
2024-06-15,West Bengal,41-60,Male,10,700
2024-06-15,West Bengal,61+,Male,9,123
2024-06-16,Rajasthan,61+,Female,9,124
2024-06-16,Rajasthan,41-60,Male,8,394
2024-06-16,Karnataka,18-40,Male,3,432
2024-06-16,Rajasthan,41-60,Male,2,51
2024-06-16,Maharashtra,41-60,Male,1,650
2024-06-16,Uttar Pradesh,18-40,Male,3,394
2024-06-16,Gujarat,18-40,Female,7,611
2024-06-16,Rajasthan,61+,Female,2,37
2024-06-16,Gujarat,18-40,Female,3,490
2024-06-16,Maharashtra,41-60,Male,6,636
2024-06-16,Maharashtra,61+,Male,10,224
2024-06-17,Maharashtra,18-40,Female,3,35
2024-06-17,Karnataka,41-60,Male,9,436
2024-06-17,Maharashtra,41-60,Male,6,621
2024-06-17,Maharashtra,61+,Male,3,109
2024-06-17,Uttar Pradesh,41-60,Male,4,591
2024-06-17,West Bengal,61+,Female,7,137
2024-06-17,Uttar Pradesh,41-60,Female,10,620
2024-06-18,Maharashtra,41-60,Female,4,148
2024-06-18,Uttar Pradesh,18-40,Female,6,387
2024-06-18,Uttar Pradesh,61+,Female,9,254
2024-06-18,West Bengal,41-60,Female,9,350
2024-06-18,Maharashtra,41-60,Female,7,32
2024-06-18,Uttar Pradesh,61+,Female,9,142
2024-06-18,Gujarat,41-60,Female,10,711
2024-06-18,Rajasthan,18-40,Female,5,37
2024-06-18,Uttar Pradesh,61+,Female,8,506
2024-06-19,Maharashtra,61+,Male,5,301
2024-06-19,West Bengal,61+,Female,10,721
2024-06-19,West Bengal,41-60,Male,9,652
2024-06-20,Karnataka,41-60,Male,4,511
2024-06-20,Rajasthan,61+,Female,1,383
2024-06-20,West Bengal,18-40,Male,8,500
2024-06-20,Rajasthan,18-40,Female,3,190
2024-06-21,Uttar Pradesh,41-60,Female,3,739
2024-06-21,Tamil Nadu,18-40,Male,4,222
2024-06-22,Rajasthan,18-40,Female,2,423
2024-06-22,Uttar Pradesh,61+,Male,9,121
2024-06-22,West Bengal,18-40,Male,1,481
2024-06-23,Uttar Pradesh,61+,Female,8,710
2024-06-23,West Bengal,61+,Male,6,464
2024-06-23,Tamil Nadu,41-60,Female,9,349
2024-06-23,Gujarat,41-60,Female,7,707
2024-06-24,Tamil Nadu,41-60,Male,9,290
2024-06-24,West Bengal,18-40,Female,3,590
2024-06-24,Rajasthan,61+,Male,3,95
2024-06-24,Uttar Pradesh,41-60,Female,8,96
2024-06-25,Maharashtra,61+,Male,6,82
2024-06-25,West Bengal,18-40,Male,3,748
2024-06-25,Rajasthan,41-60,Female,9,34
2024-06-25,West Bengal,41-60,Female,5,294
2024-06-26,Uttar Pradesh,41-60,Female,9,69
2024-06-26,Uttar Pradesh,61+,Female,8,673
2024-06-26,Rajasthan,61+,Female,3,648
2024-06-26,Karnataka,61+,Female,2,524
2024-06-27,West Bengal,61+,Male,6,520
2024-06-27,Rajasthan,18-40,Female,2,23
2024-06-27,Uttar Pradesh,61+,Male,8,499
2024-06-27,Uttar Pradesh,61+,Female,8,677
2024-06-27,Uttar Pradesh,61+,Male,4,440
2024-06-28,Rajasthan,18-40,Female,7,262
2024-06-28,West Bengal,41-60,Male,1,439
2024-06-28,Uttar Pradesh,41-60,Male,1,445
2024-06-28,Gujarat,61+,Female,1,519
2024-06-28,Karnataka,41-60,Female,5,709
2024-06-28,Tamil Nadu,41-60,Female,7,264
2024-06-28,West Bengal,18-40,Female,10,44
2024-06-29,Rajasthan,18-40,Female,10,369
2024-06-29,Gujarat,18-40,Male,9,393
2024-06-29,Karnataka,41-60,Female,4,111
2024-06-29,Tamil Nadu,41-60,Male,4,598
2024-06-29,Rajasthan,41-60,Male,5,702
2024-06-29,West Bengal,18-40,Male,5,614
2024-06-29,Uttar Pradesh,18-40,Male,5,107
2024-06-29,Tamil Nadu,41-60,Female,5,277
2024-06-30,Karnataka,18-40,Female,8,526
2024-06-30,Uttar Pradesh,18-40,Female,7,22
2024-06-30,Gujarat,41-60,Male,4,577
2024-06-30,Tamil Nadu,41-60,Male,6,398
2024-06-30,Tamil Nadu,41-60,Male,6,258
2024-06-30,Maharashtra,41-60,Female,8,563
2024-06-30,Rajasthan,61+,Female,3,148
2024-07-01,Gujarat,61+,Female,9,512
2024-07-01,Maharashtra,18-40,Male,2,192
2024-07-01,Rajasthan,61+,Female,10,276
2024-07-01,Tamil Nadu,18-40,Male,1,416
2024-07-01,Rajasthan,61+,Male,10,91
2024-07-01,Maharashtra,41-60,Female,7,178
2024-07-01,Maharashtra,61+,Female,4,218
2024-07-01,Karnataka,18-40,Female,10,619
2024-07-01,Maharashtra,41-60,Female,5,679
2024-07-01,Uttar Pradesh,41-60,Female,1,466
2024-07-01,Tamil Nadu,61+,Male,4,556
2024-07-01,Tamil Nadu,61+,Female,10,61
2024-07-02,Rajasthan,61+,Female,10,344
2024-07-02,Karnataka,41-60,Male,1,67
2024-07-02,Tamil Nadu,61+,Female,10,383
2024-07-02,Uttar Pradesh,61+,Male,5,432
2024-07-02,Karnataka,41-60,Male,9,689
2024-07-02,Uttar Pradesh,41-60,Male,7,321
2024-07-03,Karnataka,61+,Male,9,497
2024-07-03,West Bengal,41-60,Male,9,194
2024-07-03,Maharashtra,18-40,Male,1,71
2024-07-03,Tamil Nadu,18-40,Male,5,652
2024-07-03,Tamil Nadu,41-60,Male,9,417
2024-07-03,West Bengal,41-60,Male,1,115
2024-07-03,Karnataka,41-60,Male,4,572
2024-07-04,Uttar Pradesh,18-40,Female,1,220
2024-07-04,Uttar Pradesh,41-60,Female,4,641
2024-07-04,Rajasthan,41-60,Female,3,737
2024-07-04,Uttar Pradesh,61+,Male,9,95
2024-07-05,West Bengal,61+,Female,3,426
2024-07-05,Tamil Nadu,61+,Female,9,89
2024-07-05,Uttar Pradesh,18-40,Female,3,387
2024-07-05,Karnataka,18-40,Male,1,575
2024-07-05,Tamil Nadu,41-60,Male,5,412
2024-07-05,Gujarat,41-60,Female,5,196
2024-07-05,Karnataka,41-60,Female,4,525
2024-07-06,Gujarat,41-60,Female,5,256
2024-07-06,Gujarat,18-40,Male,2,272
2024-07-06,Gujarat,41-60,Female,9,36
2024-07-06,Tamil Nadu,41-60,Female,7,302
2024-07-06,Karnataka,61+,Male,3,167
2024-07-06,Rajasthan,18-40,Male,9,65
2024-07-07,Gujarat,61+,Female,7,570
2024-07-07,Gujarat,61+,Female,10,529
2024-07-07,Maharashtra,41-60,Male,1,125
2024-07-07,Gujarat,61+,Male,10,133
2024-07-07,Uttar Pradesh,41-60,Male,7,105
2024-07-07,Maharashtra,18-40,Female,3,571
2024-07-07,Rajasthan,18-40,Female,9,504
2024-07-07,West Bengal,61+,Female,10,546
2024-07-07,Gujarat,61+,Male,4,170
2024-07-07,Maharashtra,18-40,Female,4,382
2024-07-08,West Bengal,41-60,Male,7,533
2024-07-08,Rajasthan,18-40,Female,8,294
2024-07-08,Rajasthan,18-40,Female,5,220
2024-07-08,Uttar Pradesh,41-60,Female,1,553
2024-07-08,West Bengal,41-60,Female,5,364
2024-07-08,West Bengal,18-40,Female,3,403
2024-07-08,Tamil Nadu,18-40,Male,1,588
2024-07-08,Gujarat,18-40,Female,3,191
2024-07-08,Karnataka,18-40,Male,10,312
2024-07-09,Karnataka,61+,Female,3,343
2024-07-09,West Bengal,61+,Male,8,534
2024-07-09,West Bengal,18-40,Female,2,645
2024-07-09,Rajasthan,41-60,Female,3,140
2024-07-09,Maharashtra,41-60,Female,1,157
2024-07-10,Uttar Pradesh,61+,Female,10,80
2024-07-10,West Bengal,61+,Male,3,349
2024-07-10,Uttar Pradesh,61+,Male,10,637
2024-07-10,Tamil Nadu,61+,Male,5,670
2024-07-10,Uttar Pradesh,18-40,Male,9,666
2024-07-11,Gujarat,61+,Female,5,33
2024-07-11,Rajasthan,41-60,Female,9,505
2024-07-11,West Bengal,41-60,Female,4,97
2024-07-11,Karnataka,41-60,Female,10,144
2024-07-12,Karnataka,41-60,Female,3,82
2024-07-12,West Bengal,61+,Male,1,697
2024-07-12,Tamil Nadu,61+,Male,10,683
2024-07-12,Tamil Nadu,61+,Male,1,264
2024-07-12,Maharashtra,18-40,Male,7,254
2024-07-12,Uttar Pradesh,18-40,Female,4,180
2024-07-12,Rajasthan,41-60,Female,7,498
2024-07-13,Maharashtra,41-60,Male,3,728
2024-07-13,West Bengal,18-40,Female,7,668
2024-07-13,Karnataka,41-60,Male,8,627
2024-07-13,Karnataka,41-60,Male,5,296
2024-07-13,Rajasthan,18-40,Female,1,473
2024-07-13,Rajasthan,41-60,Male,2,126
2024-07-14,Maharashtra,61+,Female,1,292
2024-07-14,Karnataka,61+,Male,3,154
2024-07-15,Gujarat,41-60,Female,7,475
2024-07-15,Gujarat,18-40,Female,8,546
2024-07-15,Maharashtra,41-60,Female,2,33
2024-07-15,Maharashtra,41-60,Female,5,690
2024-07-15,Uttar Pradesh,41-60,Female,1,644
2024-07-15,Tamil Nadu,41-60,Female,4,308
2024-07-16,Rajasthan,41-60,Female,4,505
2024-07-16,Maharashtra,61+,Female,6,482
2024-07-16,Karnataka,18-40,Female,10,516
2024-07-16,Uttar Pradesh,41-60,Male,7,41
2024-07-16,Rajasthan,41-60,Female,6,496
2024-07-16,Maharashtra,41-60,Male,7,581
2024-07-17,Uttar Pradesh,41-60,Female,9,179
2024-07-17,Tamil Nadu,41-60,Male,6,342
2024-07-17,Karnataka,18-40,Female,4,23
2024-07-17,West Bengal,61+,Female,4,627
2024-07-18,Maharashtra,61+,Female,10,256
2024-07-18,Uttar Pradesh,61+,Female,1,244
2024-07-18,Karnataka,41-60,Female,7,482
2024-07-19,Gujarat,41-60,Female,6,307
2024-07-19,Maharashtra,61+,Male,1,117
2024-07-19,Gujarat,18-40,Female,5,686
2024-07-19,West Bengal,41-60,Male,5,123
2024-07-20,Uttar Pradesh,18-40,Male,2,68
2024-07-20,Maharashtra,41-60,Male,9,300
2024-07-21,Uttar Pradesh,41-60,Female,7,599
2024-07-21,Tamil Nadu,61+,Male,4,378
2024-07-22,Uttar Pradesh,18-40,Male,6,480
2024-07-22,Karnataka,41-60,Female,6,239
2024-07-22,Uttar Pradesh,18-40,Male,4,106
2024-07-22,Karnataka,41-60,Male,1,103
2024-07-22,Gujarat,18-40,Male,3,633
2024-07-22,Gujarat,41-60,Male,1,352
2024-07-22,Gujarat,41-60,Female,5,193
2024-07-22,Maharashtra,41-60,Female,4,561
2024-07-22,Karnataka,41-60,Male,3,174
2024-07-23,Rajasthan,61+,Male,6,531
2024-07-24,Karnataka,41-60,Female,7,333
2024-07-24,Maharashtra,61+,Female,9,735
2024-07-24,Gujarat,41-60,Male,9,714
2024-07-24,Maharashtra,41-60,Female,2,374
2024-07-24,Karnataka,18-40,Male,4,650
2024-07-25,Maharashtra,18-40,Female,10,221
2024-07-25,Tamil Nadu,61+,Male,8,528
2024-07-25,West Bengal,18-40,Female,6,440
2024-07-25,Rajasthan,18-40,Male,2,255
2024-07-25,Gujarat,41-60,Male,10,541
2024-07-26,Tamil Nadu,61+,Female,3,510
2024-07-26,Uttar Pradesh,41-60,Female,5,719
2024-07-26,West Bengal,41-60,Male,9,666
2024-07-26,West Bengal,41-60,Male,1,722
2024-07-26,Gujarat,41-60,Male,2,112
2024-07-26,Karnataka,61+,Female,5,339
2024-07-26,Rajasthan,41-60,Female,3,445
2024-07-26,West Bengal,41-60,Male,7,125
2024-07-26,West Bengal,41-60,Male,2,356
2024-07-27,Maharashtra,61+,Female,5,175
2024-07-27,Uttar Pradesh,18-40,Female,9,139
2024-07-27,West Bengal,18-40,Male,1,604
2024-07-27,West Bengal,41-60,Male,6,491
2024-07-27,Maharashtra,18-40,Male,3,733
2024-07-27,Maharashtra,41-60,Male,1,414
2024-07-27,Maharashtra,18-40,Female,3,136
2024-07-28,Gujarat,41-60,Female,5,175
2024-07-28,Tamil Nadu,18-40,Female,5,361
2024-07-28,Maharashtra,61+,Female,10,271
2024-07-28,Tamil Nadu,18-40,Female,9,165
2024-07-28,Uttar Pradesh,18-40,Female,8,229
2024-07-29,West Bengal,61+,Male,9,405
2024-07-29,Karnataka,61+,Male,7,238
2024-07-29,Gujarat,18-40,Female,6,89
2024-07-29,Maharashtra,41-60,Female,9,415
2024-07-29,Tamil Nadu,18-40,Female,3,736
2024-07-29,Rajasthan,41-60,Female,2,117
2024-07-30,Maharashtra,61+,Female,8,212
2024-07-30,Tamil Nadu,18-40,Male,3,40
2024-07-30,West Bengal,61+,Female,7,267
2024-07-31,Uttar Pradesh,41-60,Male,9,597
2024-07-31,Uttar Pradesh,18-40,Male,3,122
2024-07-31,Tamil Nadu,41-60,Female,8,202
2024-07-31,Uttar Pradesh,61+,Female,7,638
2024-07-31,Uttar Pradesh,41-60,Male,1,359
2024-08-01,West Bengal,61+,Female,8,297
2024-08-01,Rajasthan,41-60,Female,1,202
2024-08-02,Gujarat,41-60,Male,6,425
2024-08-02,Karnataka,41-60,Male,7,336
2024-08-02,West Bengal,18-40,Female,4,342
2024-08-02,Karnataka,61+,Male,6,466
2024-08-02,Uttar Pradesh,18-40,Male,9,563
2024-08-02,Karnataka,41-60,Male,1,360
2024-08-03,Gujarat,18-40,Female,8,180
2024-08-03,Tamil Nadu,41-60,Female,7,322
2024-08-03,Maharashtra,41-60,Female,6,329
2024-08-03,Tamil Nadu,61+,Male,10,360
2024-08-03,Uttar Pradesh,18-40,Male,2,651
2024-08-04,Tamil Nadu,61+,Female,3,271
2024-08-04,Gujarat,61+,Female,5,467
2024-08-04,Karnataka,41-60,Male,5,549
2024-08-04,Karnataka,41-60,Male,4,131
2024-08-04,Gujarat,41-60,Female,2,707
2024-08-04,Uttar Pradesh,41-60,Female,9,419
2024-08-04,Tamil Nadu,41-60,Male,1,704
2024-08-05,Karnataka,41-60,Female,9,482
2024-08-05,Tamil Nadu,41-60,Male,2,314
2024-08-05,West Bengal,41-60,Female,3,205
2024-08-06,West Bengal,41-60,Male,1,351
2024-08-06,West Bengal,18-40,Female,7,461
2024-08-06,Maharashtra,61+,Male,9,678
2024-08-06,Karnataka,18-40,Female,7,130
2024-08-07,Rajasthan,18-40,Male,5,563
2024-08-07,West Bengal,41-60,Female,7,207
2024-08-07,West Bengal,18-40,Female,9,169
2024-08-07,Rajasthan,41-60,Male,4,517
2024-08-07,Karnataka,61+,Female,4,250
2024-08-07,Gujarat,41-60,Male,6,147
2024-08-07,Tamil Nadu,41-60,Male,10,306
2024-08-08,Tamil Nadu,41-60,Female,10,186
2024-08-08,Uttar Pradesh,41-60,Male,5,435
2024-08-08,Karnataka,61+,Male,7,155
2024-08-08,West Bengal,41-60,Female,6,545
2024-08-08,Gujarat,61+,Female,5,122
2024-08-08,West Bengal,18-40,Female,8,187
2024-08-08,West Bengal,61+,Female,6,722
2024-08-08,Gujarat,61+,Male,7,419
2024-08-09,Karnataka,41-60,Female,7,39
2024-08-09,Karnataka,41-60,Male,8,238
2024-08-11,Uttar Pradesh,61+,Male,7,189
2024-08-11,Uttar Pradesh,61+,Male,7,529
2024-08-11,Maharashtra,18-40,Male,3,125
2024-08-11,Rajasthan,41-60,Male,2,432
2024-08-11,Tamil Nadu,41-60,Male,9,724
2024-08-12,Gujarat,41-60,Female,2,510
2024-08-12,West Bengal,61+,Female,2,478
2024-08-12,Gujarat,61+,Female,10,192
2024-08-13,Maharashtra,41-60,Male,8,100
2024-08-13,Karnataka,18-40,Female,7,480
2024-08-13,Uttar Pradesh,18-40,Female,4,484
2024-08-13,Maharashtra,41-60,Female,6,496
2024-08-13,West Bengal,41-60,Male,8,595
2024-08-13,Karnataka,61+,Female,7,734
2024-08-14,Rajasthan,41-60,Female,4,410
2024-08-14,Rajasthan,41-60,Female,4,625
2024-08-14,Maharashtra,41-60,Male,4,292
2024-08-14,Gujarat,41-60,Female,9,121
2024-08-14,Rajasthan,18-40,Female,7,163
2024-08-14,Maharashtra,41-60,Male,4,343
2024-08-15,West Bengal,61+,Male,9,184
2024-08-15,West Bengal,61+,Female,1,113
2024-08-15,Uttar Pradesh,18-40,Female,5,609
2024-08-15,Uttar Pradesh,18-40,Male,2,318
2024-08-15,Tamil Nadu,18-40,Male,1,520
2024-08-15,West Bengal,41-60,Female,7,478
2024-08-15,Maharashtra,18-40,Male,7,647
2024-08-15,Uttar Pradesh,41-60,Male,8,483
2024-08-16,Karnataka,18-40,Female,10,638
2024-08-16,Uttar Pradesh,61+,Male,1,614
2024-08-16,Uttar Pradesh,41-60,Female,6,269
2024-08-16,West Bengal,18-40,Male,7,296
2024-08-16,Rajasthan,18-40,Female,4,602
2024-08-16,Maharashtra,41-60,Female,1,557
2024-08-16,Rajasthan,18-40,Female,1,311
2024-08-17,Tamil Nadu,41-60,Male,2,652
2024-08-18,Uttar Pradesh,61+,Female,10,180
2024-08-18,Rajasthan,18-40,Female,4,694
2024-08-18,Karnataka,61+,Female,9,48
2024-08-18,Gujarat,18-40,Male,4,745
2024-08-19,Karnataka,18-40,Female,9,547
2024-08-19,Gujarat,18-40,Male,3,556
2024-08-19,Uttar Pradesh,61+,Female,2,680
2024-08-20,Rajasthan,61+,Male,3,749
2024-08-20,Gujarat,41-60,Male,4,388
2024-08-20,Uttar Pradesh,41-60,Male,9,352
2024-08-20,Uttar Pradesh,61+,Male,10,542
2024-08-21,Maharashtra,18-40,Female,5,493
2024-08-21,Maharashtra,18-40,Male,6,608
2024-08-21,Uttar Pradesh,18-40,Female,9,508
2024-08-21,Rajasthan,61+,Female,7,742
2024-08-21,Rajasthan,61+,Male,9,136
2024-08-22,Tamil Nadu,41-60,Female,2,555
2024-08-22,Tamil Nadu,18-40,Male,7,59
2024-08-22,Gujarat,41-60,Male,10,426
2024-08-22,Maharashtra,18-40,Female,9,281
2024-08-22,Maharashtra,61+,Male,5,553
2024-08-23,West Bengal,41-60,Female,2,620
2024-08-23,Gujarat,18-40,Male,6,601
2024-08-23,Rajasthan,41-60,Female,2,125
2024-08-24,Gujarat,18-40,Female,4,594
2024-08-24,Uttar Pradesh,18-40,Female,7,652
2024-08-24,Tamil Nadu,41-60,Male,4,330
2024-08-24,Tamil Nadu,61+,Female,8,286
2024-08-24,Uttar Pradesh,61+,Female,7,700
2024-08-24,Tamil Nadu,41-60,Female,7,460
2024-08-24,Uttar Pradesh,41-60,Female,10,579
2024-08-25,West Bengal,41-60,Male,10,326
2024-08-25,Tamil Nadu,18-40,Female,6,92
2024-08-25,Rajasthan,41-60,Female,4,328
2024-08-25,Karnataka,41-60,Male,4,438
2024-08-25,Uttar Pradesh,61+,Female,6,237
2024-08-26,West Bengal,61+,Male,8,433
2024-08-26,Uttar Pradesh,41-60,Female,10,104
2024-08-26,Gujarat,41-60,Female,3,199
2024-08-26,Rajasthan,41-60,Female,3,714
2024-08-27,West Bengal,41-60,Female,3,314
2024-08-27,Gujarat,18-40,Male,9,593
2024-08-27,Gujarat,18-40,Male,9,517
2024-08-27,Maharashtra,18-40,Female,5,586
2024-08-27,Tamil Nadu,61+,Male,2,404
2024-08-28,Maharashtra,18-40,Male,8,558
2024-08-28,Gujarat,41-60,Female,2,719
2024-08-29,Maharashtra,18-40,Female,2,303
2024-08-29,Karnataka,61+,Male,5,213
2024-08-29,Tamil Nadu,61+,Female,9,78
2024-08-29,Gujarat,61+,Female,2,590
2024-08-30,West Bengal,61+,Female,4,602
2024-08-30,Tamil Nadu,61+,Male,1,310
2024-08-30,Karnataka,41-60,Female,5,153
2024-08-30,Uttar Pradesh,61+,Female,8,681
2024-08-30,Uttar Pradesh,61+,Female,1,111
2024-08-30,Tamil Nadu,18-40,Male,1,243
2024-08-30,Tamil Nadu,18-40,Female,1,267
2024-08-31,Rajasthan,61+,Male,7,275
2024-08-31,Maharashtra,18-40,Male,2,52
2024-08-31,Maharashtra,18-40,Female,3,710
2024-08-31,Karnataka,18-40,Male,4,730
2024-08-31,Maharashtra,41-60,Male,8,159
2024-08-31,Maharashtra,18-40,Female,1,664
2024-09-01,Uttar Pradesh,61+,Female,9,706
2024-09-01,Gujarat,18-40,Female,1,623
2024-09-01,Gujarat,41-60,Female,6,252
2024-09-01,Gujarat,18-40,Male,4,508
2024-09-01,Rajasthan,18-40,Male,7,230
2024-09-02,Uttar Pradesh,41-60,Female,8,666
2024-09-02,Rajasthan,41-60,Male,5,116
2024-09-02,Rajasthan,41-60,Male,4,367
2024-09-02,West Bengal,18-40,Male,7,217
2024-09-02,Tamil Nadu,61+,Male,2,192
2024-09-02,Uttar Pradesh,61+,Female,6,449
2024-09-02,Karnataka,61+,Female,3,623
2024-09-02,Rajasthan,18-40,Male,7,149
2024-09-03,Rajasthan,41-60,Male,9,333
2024-09-03,West Bengal,41-60,Male,2,244
2024-09-03,Tamil Nadu,41-60,Male,8,276
2024-09-03,Maharashtra,61+,Male,8,355
2024-09-03,Tamil Nadu,61+,Male,5,510
2024-09-03,Maharashtra,41-60,Female,6,681
2024-09-03,West Bengal,61+,Male,2,564
2024-09-03,Rajasthan,41-60,Male,1,282
2024-09-03,Rajasthan,41-60,Female,10,380
2024-09-04,Rajasthan,61+,Female,5,563
2024-09-04,West Bengal,41-60,Female,7,536
2024-09-04,Uttar Pradesh,61+,Female,8,221
2024-09-04,Uttar Pradesh,61+,Female,9,225
2024-09-04,West Bengal,41-60,Female,3,274
2024-09-04,Uttar Pradesh,61+,Female,4,636
2024-09-04,Gujarat,18-40,Male,1,689
2024-09-04,Gujarat,18-40,Male,2,329
2024-09-04,Uttar Pradesh,41-60,Female,9,34
2024-09-04,Tamil Nadu,18-40,Female,4,154
2024-09-05,Uttar Pradesh,61+,Female,6,623
2024-09-05,Karnataka,41-60,Female,7,266
2024-09-05,Rajasthan,61+,Male,8,344
2024-09-05,Uttar Pradesh,18-40,Female,7,737
2024-09-05,Karnataka,61+,Female,7,457
2024-09-05,West Bengal,61+,Male,3,503
2024-09-06,Maharashtra,18-40,Female,8,268
2024-09-06,West Bengal,41-60,Female,9,454
2024-09-06,Tamil Nadu,41-60,Female,7,60
2024-09-06,Gujarat,61+,Female,6,264
2024-09-07,Karnataka,18-40,Male,3,313
2024-09-07,Maharashtra,18-40,Female,1,425
2024-09-07,Karnataka,18-40,Male,3,325
2024-09-07,Gujarat,61+,Female,3,103
2024-09-07,Karnataka,18-40,Male,1,112
2024-09-07,West Bengal,18-40,Female,10,668
2024-09-08,Tamil Nadu,41-60,Female,4,638
2024-09-08,West Bengal,18-40,Female,6,433
2024-09-08,Maharashtra,18-40,Female,1,127
2024-09-08,Karnataka,41-60,Male,6,279
2024-09-09,Maharashtra,41-60,Male,2,427
2024-09-09,Gujarat,41-60,Male,10,74
2024-09-09,Maharashtra,41-60,Female,5,651
2024-09-09,Tamil Nadu,41-60,Male,5,438
2024-09-09,Maharashtra,41-60,Female,7,459
2024-09-09,Rajasthan,41-60,Female,1,274
2024-09-09,Uttar Pradesh,61+,Female,4,185
2024-09-09,Karnataka,61+,Female,6,358
2024-09-09,Karnataka,41-60,Female,2,237
2024-09-10,Tamil Nadu,61+,Female,3,262
2024-09-11,Maharashtra,61+,Male,5,293
2024-09-11,Karnataka,61+,Female,5,385
2024-09-12,Rajasthan,41-60,Male,6,733
2024-09-12,Karnataka,41-60,Female,10,545
2024-09-12,Tamil Nadu,41-60,Male,6,35
2024-09-12,Rajasthan,61+,Female,2,507
2024-09-12,Karnataka,61+,Female,4,317
2024-09-13,Uttar Pradesh,41-60,Male,8,225
2024-09-13,Maharashtra,61+,Female,5,266
2024-09-13,Karnataka,18-40,Female,9,347
2024-09-13,Gujarat,41-60,Male,10,421
2024-09-13,Maharashtra,41-60,Male,2,286
2024-09-13,West Bengal,41-60,Male,1,479
2024-09-13,West Bengal,61+,Male,5,607
2024-09-13,Tamil Nadu,18-40,Male,3,509
2024-09-14,Maharashtra,41-60,Male,8,675
2024-09-14,Tamil Nadu,41-60,Male,3,81
2024-09-14,West Bengal,61+,Female,3,443
2024-09-14,West Bengal,18-40,Female,4,613
2024-09-14,Rajasthan,41-60,Female,6,290
2024-09-14,Rajasthan,18-40,Male,2,180
2024-09-14,Tamil Nadu,41-60,Female,6,116
2024-09-14,Uttar Pradesh,18-40,Male,7,158
2024-09-14,Uttar Pradesh,61+,Female,10,68
2024-09-14,Karnataka,41-60,Male,10,93
2024-09-14,West Bengal,41-60,Female,5,282
2024-09-14,Gujarat,41-60,Female,2,339
2024-09-15,Tamil Nadu,41-60,Female,4,205
2024-09-15,Tamil Nadu,61+,Male,9,68
2024-09-15,Rajasthan,41-60,Male,10,636
2024-09-16,Gujarat,41-60,Male,9,536
2024-09-16,Rajasthan,41-60,Male,6,240
2024-09-16,Uttar Pradesh,18-40,Female,2,258
2024-09-16,West Bengal,41-60,Male,6,662
2024-09-17,Uttar Pradesh,18-40,Female,1,663
2024-09-17,West Bengal,18-40,Male,3,533
2024-09-17,Rajasthan,41-60,Male,4,458
2024-09-17,West Bengal,61+,Male,1,374
2024-09-17,West Bengal,61+,Male,7,300
2024-09-18,Maharashtra,18-40,Male,7,706
2024-09-18,West Bengal,41-60,Female,10,272
2024-09-18,West Bengal,41-60,Male,1,158
2024-09-18,Karnataka,41-60,Male,7,464
2024-09-19,Gujarat,61+,Female,9,268
2024-09-19,Gujarat,41-60,Male,9,606
2024-09-19,Maharashtra,41-60,Male,3,505
2024-09-19,Rajasthan,18-40,Male,1,725
2024-09-20,Rajasthan,61+,Female,7,283
2024-09-20,Gujarat,41-60,Female,5,37
2024-09-20,Maharashtra,61+,Female,4,224
2024-09-21,Karnataka,18-40,Female,9,507
2024-09-21,Rajasthan,61+,Female,4,195
2024-09-21,Maharashtra,61+,Male,8,586
2024-09-21,Gujarat,61+,Female,4,509
2024-09-21,Gujarat,18-40,Female,2,507
2024-09-22,Maharashtra,61+,Male,4,363
2024-09-22,Uttar Pradesh,41-60,Female,9,737
2024-09-23,Karnataka,41-60,Female,4,383
2024-09-23,Rajasthan,41-60,Male,6,599
2024-09-23,Maharashtra,18-40,Male,10,155
2024-09-23,Gujarat,41-60,Female,3,126
2024-09-23,Uttar Pradesh,61+,Female,7,636
2024-09-24,Rajasthan,61+,Female,4,637
2024-09-24,Karnataka,61+,Male,8,279
2024-09-24,Rajasthan,41-60,Female,2,244
2024-09-24,Uttar Pradesh,61+,Female,8,475
2024-09-24,West Bengal,41-60,Female,1,319
2024-09-24,Rajasthan,18-40,Female,4,179
2024-09-25,Gujarat,41-60,Female,9,359
2024-09-25,Uttar Pradesh,18-40,Female,5,375
2024-09-25,West Bengal,41-60,Male,6,120
2024-09-25,Rajasthan,61+,Female,9,543
2024-09-25,Rajasthan,61+,Female,5,236
2024-09-25,Rajasthan,61+,Male,6,368
2024-09-25,West Bengal,18-40,Male,10,318
2024-09-25,Tamil Nadu,41-60,Female,10,331
2024-09-26,Uttar Pradesh,41-60,Male,8,546
2024-09-26,Karnataka,18-40,Female,1,36
2024-09-26,Karnataka,41-60,Female,7,93
2024-09-26,Maharashtra,18-40,Female,9,96
2024-09-26,West Bengal,18-40,Male,9,341
2024-09-26,Karnataka,18-40,Male,10,648
2024-09-26,Uttar Pradesh,41-60,Female,8,637
2024-09-27,Tamil Nadu,18-40,Male,6,40
2024-09-27,Karnataka,18-40,Female,3,49
2024-09-27,Karnataka,61+,Male,10,357
2024-09-27,Karnataka,41-60,Male,9,76
2024-09-27,Rajasthan,41-60,Female,2,715
2024-09-28,Karnataka,61+,Female,7,86
2024-09-28,Gujarat,41-60,Male,7,470
2024-09-28,Uttar Pradesh,61+,Female,5,640
2024-09-29,Rajasthan,61+,Female,7,695
2024-09-29,Rajasthan,18-40,Male,1,492
2024-09-29,Tamil Nadu,41-60,Female,4,650
2024-09-30,Uttar Pradesh,41-60,Female,5,723
2024-09-30,Uttar Pradesh,41-60,Male,2,651
2024-09-30,Tamil Nadu,18-40,Female,3,238
2024-09-30,Uttar Pradesh,18-40,Female,9,191
2024-09-30,Maharashtra,18-40,Female,2,310
2024-09-30,Uttar Pradesh,61+,Female,4,62
2024-09-30,Gujarat,41-60,Female,1,518
2024-10-01,Rajasthan,41-60,Male,2,118
2024-10-01,Maharashtra,41-60,Male,10,221
2024-10-01,Maharashtra,41-60,Male,2,659
2024-10-01,Rajasthan,41-60,Female,2,349
2024-10-01,Uttar Pradesh,41-60,Female,7,405
2024-10-01,Karnataka,41-60,Male,2,213
2024-10-02,Gujarat,61+,Male,10,719
2024-10-02,Karnataka,18-40,Male,3,393
2024-10-02,Uttar Pradesh,18-40,Female,9,373
2024-10-02,Gujarat,61+,Female,10,592
2024-10-02,Karnataka,61+,Male,3,288
2024-10-02,Uttar Pradesh,41-60,Male,3,20
2024-10-02,Tamil Nadu,61+,Male,1,309
2024-10-02,West Bengal,61+,Female,3,254
2024-10-02,West Bengal,41-60,Female,9,340
2024-10-03,Tamil Nadu,18-40,Female,10,230
2024-10-03,Rajasthan,18-40,Female,3,687
2024-10-03,West Bengal,61+,Female,3,584
2024-10-03,Gujarat,18-40,Male,8,109
2024-10-03,Karnataka,41-60,Male,1,620
2024-10-03,Maharashtra,61+,Male,1,398
2024-10-03,Uttar Pradesh,61+,Female,3,23
2024-10-03,Maharashtra,61+,Female,4,646
2024-10-04,Maharashtra,41-60,Female,3,556
2024-10-04,Rajasthan,18-40,Female,8,578
2024-10-04,West Bengal,18-40,Male,5,720
2024-10-04,Gujarat,61+,Male,1,26
2024-10-04,Gujarat,41-60,Male,10,269
2024-10-04,Gujarat,61+,Female,6,485
2024-10-04,Karnataka,61+,Male,6,219
2024-10-04,Karnataka,41-60,Female,4,453
2024-10-05,Maharashtra,18-40,Male,8,527
2024-10-05,Maharashtra,61+,Female,9,237
2024-10-05,Maharashtra,41-60,Male,7,709
2024-10-05,Uttar Pradesh,18-40,Male,5,318
2024-10-05,Uttar Pradesh,18-40,Female,10,21
2024-10-05,Gujarat,41-60,Female,1,152
2024-10-05,Karnataka,18-40,Male,4,20
2024-10-05,Gujarat,18-40,Female,7,385
2024-10-06,Gujarat,61+,Female,3,120
2024-10-06,Gujarat,41-60,Female,3,483
2024-10-06,Uttar Pradesh,61+,Female,1,317
2024-10-06,West Bengal,41-60,Female,10,496
2024-10-06,Gujarat,41-60,Male,7,745
2024-10-07,Uttar Pradesh,61+,Male,10,699
2024-10-07,Tamil Nadu,41-60,Female,4,51
2024-10-07,Uttar Pradesh,61+,Female,3,122
2024-10-07,West Bengal,41-60,Female,8,746
2024-10-07,Gujarat,18-40,Female,2,444
2024-10-07,Rajasthan,61+,Female,8,36
2024-10-07,Rajasthan,18-40,Male,7,459
2024-10-07,Gujarat,61+,Male,7,59
2024-10-08,Tamil Nadu,41-60,Female,4,212
2024-10-08,Karnataka,18-40,Female,2,340
2024-10-08,Tamil Nadu,41-60,Male,9,605
2024-10-09,West Bengal,41-60,Male,9,686
2024-10-09,Maharashtra,18-40,Female,4,340
2024-10-09,Karnataka,41-60,Male,9,274
2024-10-09,Karnataka,18-40,Female,1,84
2024-10-09,Uttar Pradesh,41-60,Female,3,630
2024-10-09,Tamil Nadu,41-60,Female,7,82
2024-10-09,West Bengal,18-40,Female,10,64
2024-10-09,Rajasthan,41-60,Female,5,335
2024-10-09,West Bengal,41-60,Male,10,569
2024-10-10,Karnataka,18-40,Female,8,654
2024-10-10,Gujarat,18-40,Female,1,222
2024-10-10,Rajasthan,41-60,Male,2,215
2024-10-10,Gujarat,18-40,Male,2,568
2024-10-10,Rajasthan,18-40,Female,6,670
2024-10-10,West Bengal,18-40,Female,3,567
2024-10-10,Tamil Nadu,41-60,Male,8,102
2024-10-11,Karnataka,61+,Female,10,78
2024-10-11,West Bengal,41-60,Male,5,578
2024-10-11,Uttar Pradesh,61+,Female,7,184
2024-10-11,Tamil Nadu,41-60,Female,7,722
2024-10-12,Maharashtra,61+,Female,9,80
2024-10-12,Karnataka,61+,Female,9,49
2024-10-12,Tamil Nadu,41-60,Female,8,158
2024-10-12,Maharashtra,41-60,Male,2,204
2024-10-12,Gujarat,41-60,Female,5,262
2024-10-12,Gujarat,18-40,Male,9,188
2024-10-12,Gujarat,61+,Male,10,530
2024-10-12,West Bengal,61+,Male,1,208
2024-10-13,Uttar Pradesh,41-60,Female,5,372
2024-10-13,Maharashtra,18-40,Female,3,746
2024-10-13,West Bengal,18-40,Female,10,337
2024-10-13,Rajasthan,18-40,Female,7,628
2024-10-13,West Bengal,61+,Female,3,624
2024-10-14,Tamil Nadu,41-60,Female,7,618
2024-10-14,Uttar Pradesh,18-40,Female,9,234
2024-10-14,Karnataka,41-60,Female,4,179
2024-10-14,Tamil Nadu,41-60,Male,2,665
2024-10-14,Karnataka,61+,Female,7,295
2024-10-14,Maharashtra,41-60,Female,1,474
2024-10-15,Karnataka,41-60,Male,6,291
2024-10-15,Karnataka,61+,Female,2,637
2024-10-15,Gujarat,41-60,Male,1,674
2024-10-15,Uttar Pradesh,41-60,Female,5,677
2024-10-16,Karnataka,41-60,Male,6,95
2024-10-16,Gujarat,18-40,Female,5,606
2024-10-16,Karnataka,41-60,Female,2,415
2024-10-17,Maharashtra,61+,Female,9,430
2024-10-17,Tamil Nadu,61+,Female,1,479
2024-10-17,Gujarat,18-40,Female,2,206
2024-10-17,Karnataka,18-40,Female,6,458
2024-10-17,Rajasthan,18-40,Female,10,672
2024-10-17,Gujarat,41-60,Female,5,632
2024-10-17,Rajasthan,18-40,Male,10,416
2024-10-18,Maharashtra,61+,Female,2,203
2024-10-18,Maharashtra,18-40,Female,10,503
2024-10-18,Maharashtra,41-60,Female,3,595
2024-10-18,Karnataka,18-40,Female,9,101
2024-10-18,Tamil Nadu,41-60,Female,1,118
2024-10-18,Gujarat,61+,Male,9,87
2024-10-18,West Bengal,41-60,Male,2,343
2024-10-19,Rajasthan,61+,Female,2,338
2024-10-19,Karnataka,61+,Female,8,713
2024-10-19,Gujarat,61+,Female,3,41
2024-10-19,Rajasthan,61+,Male,3,133
2024-10-19,Gujarat,61+,Male,6,170
2024-10-19,Gujarat,18-40,Female,6,203
2024-10-19,Karnataka,61+,Female,4,552
2024-10-19,West Bengal,41-60,Female,7,682
2024-10-20,Gujarat,61+,Female,10,292
2024-10-20,Tamil Nadu,61+,Male,10,677
2024-10-20,Tamil Nadu,41-60,Male,6,714
2024-10-20,Rajasthan,41-60,Female,9,649
2024-10-20,Maharashtra,41-60,Female,10,711
2024-10-20,Maharashtra,41-60,Female,5,551
2024-10-20,Rajasthan,18-40,Male,6,509
2024-10-20,Uttar Pradesh,18-40,Male,3,420
2024-10-21,West Bengal,41-60,Female,6,69
2024-10-21,Karnataka,61+,Male,7,749
2024-10-21,Rajasthan,61+,Male,10,404
2024-10-22,Gujarat,41-60,Male,1,160
2024-10-22,Gujarat,61+,Male,3,339
2024-10-22,Rajasthan,18-40,Female,10,109
2024-10-22,Tamil Nadu,41-60,Female,2,301
2024-10-22,West Bengal,61+,Female,3,365
2024-10-22,Maharashtra,18-40,Female,1,200
2024-10-23,Karnataka,41-60,Female,6,537
2024-10-23,Maharashtra,18-40,Male,10,261
2024-10-23,Tamil Nadu,41-60,Female,7,57
2024-10-23,Karnataka,18-40,Female,8,651
2024-10-23,West Bengal,41-60,Male,4,703
2024-10-24,Uttar Pradesh,61+,Male,1,478
2024-10-24,Karnataka,61+,Male,9,420
2024-10-24,West Bengal,18-40,Female,5,30
2024-10-24,Tamil Nadu,61+,Male,4,247
2024-10-24,Tamil Nadu,61+,Male,8,351
2024-10-25,West Bengal,41-60,Male,2,44
2024-10-25,Karnataka,61+,Female,2,627
2024-10-25,Gujarat,61+,Male,10,651
2024-10-26,Rajasthan,41-60,Female,2,543
2024-10-26,Rajasthan,18-40,Female,8,185
2024-10-26,Maharashtra,61+,Female,3,179
2024-10-26,West Bengal,41-60,Male,6,698
2024-10-26,Karnataka,18-40,Male,5,497
2024-10-26,Maharashtra,41-60,Female,4,196
2024-10-26,Gujarat,18-40,Female,8,487
2024-10-26,Rajasthan,41-60,Male,9,45
2024-10-27,Rajasthan,41-60,Female,8,84
2024-10-27,Gujarat,61+,Male,9,527
2024-10-27,Maharashtra,41-60,Female,10,667
2024-10-27,Maharashtra,41-60,Female,5,446
2024-10-27,Gujarat,61+,Male,9,248
2024-10-27,Gujarat,61+,Female,4,388
2024-10-27,Karnataka,18-40,Male,9,715
2024-10-28,Rajasthan,41-60,Female,2,642
2024-10-28,Tamil Nadu,18-40,Male,8,523
2024-10-28,West Bengal,18-40,Male,3,251
2024-10-28,Uttar Pradesh,61+,Female,10,543
2024-10-29,Gujarat,61+,Female,5,20
2024-10-29,Rajasthan,18-40,Male,1,727
2024-10-29,Uttar Pradesh,18-40,Female,10,541
2024-10-30,West Bengal,18-40,Female,1,298
2024-10-30,Karnataka,61+,Female,2,357
2024-10-30,Maharashtra,41-60,Female,8,468
2024-10-30,West Bengal,61+,Female,5,208
2024-10-31,Maharashtra,61+,Female,4,91
2024-10-31,Tamil Nadu,61+,Female,2,624
2024-10-31,Gujarat,61+,Female,8,620
2024-10-31,Gujarat,61+,Male,5,600
2024-10-31,Maharashtra,41-60,Male,2,52
2024-11-01,Uttar Pradesh,18-40,Female,3,126
2024-11-01,Uttar Pradesh,41-60,Male,10,310
2024-11-01,Tamil Nadu,18-40,Female,9,48
2024-11-01,Uttar Pradesh,18-40,Female,10,446
2024-11-01,Uttar Pradesh,41-60,Male,10,723
2024-11-01,Gujarat,18-40,Female,5,381
2024-11-02,Maharashtra,18-40,Female,5,251
2024-11-02,Maharashtra,41-60,Male,1,235
2024-11-02,West Bengal,41-60,Female,7,489
2024-11-02,Karnataka,61+,Male,6,711
2024-11-02,Gujarat,61+,Male,3,210
2024-11-02,Karnataka,61+,Male,2,560
2024-11-02,Uttar Pradesh,61+,Female,3,397
2024-11-03,Maharashtra,18-40,Male,2,41
2024-11-03,Gujarat,61+,Female,1,114
2024-11-03,Maharashtra,41-60,Female,7,538
2024-11-03,Maharashtra,41-60,Male,8,296
2024-11-03,Rajasthan,61+,Female,3,585
2024-11-04,Maharashtra,18-40,Female,5,45
2024-11-04,Karnataka,61+,Male,8,486
2024-11-04,Karnataka,61+,Female,7,670
2024-11-04,Tamil Nadu,41-60,Male,8,204
2024-11-04,West Bengal,61+,Male,8,616
2024-11-04,Rajasthan,18-40,Female,10,301
2024-11-05,Uttar Pradesh,41-60,Female,8,625
2024-11-05,Rajasthan,61+,Male,7,680
2024-11-06,Tamil Nadu,41-60,Male,4,558
2024-11-06,Tamil Nadu,41-60,Female,6,632
2024-11-06,West Bengal,61+,Male,4,744
2024-11-06,West Bengal,18-40,Female,2,577
2024-11-06,West Bengal,41-60,Male,8,45
2024-11-07,Rajasthan,18-40,Male,10,121
2024-11-07,Gujarat,18-40,Female,5,94
2024-11-07,Karnataka,61+,Female,6,307
2024-11-07,Tamil Nadu,18-40,Male,2,477
2024-11-07,Tamil Nadu,18-40,Female,6,132
2024-11-08,West Bengal,41-60,Female,8,429
2024-11-08,West Bengal,18-40,Male,1,212
2024-11-08,Gujarat,61+,Female,8,36
2024-11-08,West Bengal,41-60,Female,10,144
2024-11-08,Rajasthan,61+,Male,3,370
2024-11-08,Maharashtra,18-40,Male,3,229
2024-11-09,Uttar Pradesh,61+,Female,9,92
2024-11-09,West Bengal,41-60,Male,3,302
2024-11-09,Rajasthan,61+,Female,5,430
2024-11-09,Rajasthan,41-60,Female,9,726
2024-11-09,West Bengal,41-60,Male,3,570
2024-11-09,Uttar Pradesh,18-40,Female,10,361
2024-11-09,Gujarat,41-60,Female,1,469
2024-11-09,Tamil Nadu,18-40,Female,4,369
2024-11-10,Rajasthan,18-40,Female,3,276
2024-11-10,Maharashtra,61+,Male,8,293
2024-11-10,Gujarat,18-40,Female,9,521
2024-11-11,Maharashtra,18-40,Female,10,301
2024-11-11,West Bengal,61+,Female,1,426
2024-11-11,Gujarat,41-60,Male,3,479
2024-11-11,Rajasthan,18-40,Female,2,240
2024-11-11,Rajasthan,18-40,Male,3,707
2024-11-11,West Bengal,41-60,Female,1,591
2024-11-12,Tamil Nadu,41-60,Female,8,633
2024-11-12,Uttar Pradesh,41-60,Female,5,531
2024-11-13,Rajasthan,18-40,Male,3,40
2024-11-13,Maharashtra,18-40,Female,9,216
2024-11-13,Rajasthan,61+,Female,6,307
2024-11-13,West Bengal,41-60,Female,6,168
2024-11-13,Rajasthan,18-40,Male,6,26
2024-11-13,Tamil Nadu,41-60,Female,4,672
2024-11-13,Karnataka,61+,Male,3,70
2024-11-13,Tamil Nadu,41-60,Female,6,425
2024-11-14,Uttar Pradesh,41-60,Male,1,293
2024-11-14,Rajasthan,41-60,Male,7,672
2024-11-14,Maharashtra,18-40,Male,4,460
2024-11-14,Uttar Pradesh,61+,Male,7,356
2024-11-14,Rajasthan,41-60,Male,3,214
2024-11-14,Tamil Nadu,61+,Female,7,299
2024-11-14,Maharashtra,18-40,Male,9,608
2024-11-15,Rajasthan,18-40,Male,2,53
2024-11-15,West Bengal,18-40,Female,9,320
2024-11-15,Maharashtra,61+,Male,2,676
2024-11-15,Gujarat,61+,Female,9,713
2024-11-15,Maharashtra,61+,Female,10,678
2024-11-15,Uttar Pradesh,41-60,Male,7,693
2024-11-15,West Bengal,18-40,Female,6,212
2024-11-16,Maharashtra,61+,Female,2,194
2024-11-16,West Bengal,41-60,Female,1,322
2024-11-16,Rajasthan,41-60,Male,6,106
2024-11-16,Rajasthan,41-60,Female,5,670
2024-11-16,Maharashtra,61+,Male,7,39
2024-11-16,Rajasthan,61+,Female,5,149
2024-11-16,Gujarat,41-60,Female,3,718
2024-11-16,Tamil Nadu,41-60,Male,10,313
2024-11-16,Uttar Pradesh,18-40,Male,4,32
2024-11-17,Karnataka,41-60,Male,9,55
2024-11-17,Gujarat,41-60,Female,6,638
2024-11-17,Gujarat,61+,Female,2,171
2024-11-18,Uttar Pradesh,18-40,Male,6,53
2024-11-18,Gujarat,61+,Male,3,129
2024-11-18,Uttar Pradesh,41-60,Female,1,591
2024-11-18,Uttar Pradesh,41-60,Female,8,347
2024-11-18,Rajasthan,61+,Female,8,468
2024-11-18,Maharashtra,61+,Female,7,124
2024-11-19,Karnataka,41-60,Male,10,585
2024-11-19,Karnataka,61+,Female,7,611
2024-11-19,Maharashtra,18-40,Female,10,369
2024-11-19,West Bengal,41-60,Female,5,623
2024-11-19,Rajasthan,41-60,Female,10,290
2024-11-20,Karnataka,41-60,Male,2,220
2024-11-20,Maharashtra,41-60,Female,8,301
2024-11-20,Karnataka,18-40,Male,5,24
2024-11-21,West Bengal,41-60,Male,3,276
2024-11-21,Maharashtra,41-60,Female,7,540
2024-11-22,Uttar Pradesh,41-60,Male,7,646
2024-11-22,Uttar Pradesh,18-40,Female,1,738
2024-11-22,West Bengal,18-40,Female,5,457
2024-11-22,Karnataka,61+,Male,4,582
2024-11-22,Tamil Nadu,61+,Male,9,663
2024-11-22,Rajasthan,61+,Female,1,92
2024-11-22,Gujarat,41-60,Male,5,204
2024-11-23,Uttar Pradesh,41-60,Male,7,209
2024-11-23,Uttar Pradesh,41-60,Male,9,743
2024-11-23,Karnataka,41-60,Female,2,344
2024-11-23,Rajasthan,41-60,Male,1,37
2024-11-23,Rajasthan,41-60,Female,8,396
2024-11-23,West Bengal,61+,Male,5,620
2024-11-24,Uttar Pradesh,61+,Female,3,525
2024-11-24,Rajasthan,41-60,Male,10,401
2024-11-24,Gujarat,41-60,Female,3,695
2024-11-24,Tamil Nadu,61+,Female,9,38
2024-11-25,Rajasthan,61+,Female,10,164
2024-11-25,West Bengal,61+,Female,6,608
2024-11-25,Rajasthan,18-40,Female,3,36
2024-11-25,Uttar Pradesh,18-40,Female,6,49
2024-11-25,Uttar Pradesh,18-40,Female,9,488
2024-11-25,Maharashtra,18-40,Male,4,345
2024-11-26,Rajasthan,41-60,Male,4,381
2024-11-26,Tamil Nadu,18-40,Male,9,632
2024-11-27,Gujarat,61+,Male,7,289
2024-11-27,Rajasthan,18-40,Male,4,461
2024-11-28,Maharashtra,61+,Male,2,413
2024-11-28,Tamil Nadu,18-40,Female,6,639
2024-11-28,Uttar Pradesh,18-40,Female,10,301
2024-11-28,Uttar Pradesh,41-60,Male,8,162
2024-11-28,West Bengal,61+,Female,1,567
2024-11-28,Karnataka,41-60,Female,8,380
2024-11-28,Rajasthan,18-40,Male,1,373
2024-11-28,Maharashtra,18-40,Female,9,662
2024-11-28,Rajasthan,18-40,Female,7,320
2024-11-29,Gujarat,61+,Male,1,142
2024-11-29,Uttar Pradesh,18-40,Male,10,453
2024-11-29,West Bengal,18-40,Male,1,603
2024-11-29,West Bengal,61+,Male,5,678
2024-11-29,Tamil Nadu,18-40,Female,3,237
2024-11-29,Uttar Pradesh,18-40,Male,7,143
2024-11-29,West Bengal,41-60,Male,8,634
2024-11-30,West Bengal,61+,Female,9,77
2024-11-30,Rajasthan,18-40,Male,2,197
2024-11-30,Tamil Nadu,41-60,Female,9,482
2024-11-30,Karnataka,41-60,Female,4,46
2024-11-30,Maharashtra,41-60,Male,7,533
2024-12-01,Gujarat,61+,Female,6,179
2024-12-01,Maharashtra,18-40,Male,7,589
2024-12-01,Gujarat,61+,Female,7,236
2024-12-01,West Bengal,41-60,Male,8,738
2024-12-01,Gujarat,41-60,Female,1,495
2024-12-01,West Bengal,41-60,Male,2,443
2024-12-01,Uttar Pradesh,41-60,Male,10,421
2024-12-01,Tamil Nadu,41-60,Female,6,586
2024-12-01,Tamil Nadu,61+,Female,9,129
2024-12-01,Rajasthan,61+,Female,8,360
2024-12-01,Tamil Nadu,18-40,Male,2,198
2024-12-02,Maharashtra,41-60,Female,4,31
2024-12-02,Karnataka,61+,Female,6,190
2024-12-02,Tamil Nadu,18-40,Male,6,508
2024-12-02,Tamil Nadu,41-60,Male,9,64
2024-12-02,Tamil Nadu,41-60,Male,7,551
2024-12-02,Tamil Nadu,61+,Female,5,247
2024-12-02,Gujarat,61+,Male,4,189
2024-12-02,West Bengal,18-40,Male,1,539
2024-12-03,Karnataka,18-40,Male,10,290
2024-12-03,Rajasthan,61+,Female,10,175
2024-12-03,Tamil Nadu,61+,Male,5,599
2024-12-03,West Bengal,18-40,Male,7,484
2024-12-03,Uttar Pradesh,41-60,Male,6,516
2024-12-03,Tamil Nadu,41-60,Male,7,513
2024-12-03,West Bengal,41-60,Male,9,121
2024-12-03,Gujarat,41-60,Female,3,92
2024-12-03,Tamil Nadu,18-40,Male,7,75
2024-12-04,West Bengal,41-60,Male,3,334
2024-12-04,Gujarat,41-60,Male,5,358
2024-12-04,Karnataka,18-40,Female,8,220
2024-12-04,Tamil Nadu,41-60,Female,9,64
2024-12-04,Tamil Nadu,41-60,Female,9,326
2024-12-05,Gujarat,61+,Male,4,403
2024-12-05,Karnataka,41-60,Female,10,742
2024-12-05,West Bengal,61+,Male,6,344
2024-12-05,Karnataka,41-60,Female,4,388
2024-12-06,Tamil Nadu,61+,Female,5,744
2024-12-06,Maharashtra,61+,Male,8,114
2024-12-07,Maharashtra,41-60,Female,2,245
2024-12-07,Maharashtra,61+,Female,2,35
2024-12-07,Karnataka,41-60,Female,6,286
2024-12-07,Maharashtra,18-40,Male,10,290
2024-12-07,Uttar Pradesh,41-60,Female,2,412
2024-12-07,West Bengal,41-60,Female,8,255
2024-12-07,West Bengal,41-60,Female,1,218
2024-12-07,Rajasthan,18-40,Male,7,332
2024-12-08,Tamil Nadu,41-60,Male,3,366
2024-12-08,Tamil Nadu,18-40,Female,10,281
2024-12-08,Uttar Pradesh,41-60,Female,4,228
2024-12-08,Karnataka,18-40,Male,7,521
2024-12-08,West Bengal,41-60,Female,7,33
2024-12-08,West Bengal,18-40,Female,6,192
2024-12-08,Maharashtra,61+,Female,4,94
2024-12-09,Karnataka,41-60,Male,6,702
2024-12-09,West Bengal,41-60,Male,5,330
2024-12-09,Rajasthan,61+,Female,5,477
2024-12-09,Tamil Nadu,18-40,Male,9,549
2024-12-09,Tamil Nadu,41-60,Female,7,627
2024-12-09,West Bengal,41-60,Male,2,527
2024-12-09,Rajasthan,41-60,Female,9,680
2024-12-09,Karnataka,41-60,Male,1,276
2024-12-10,Rajasthan,18-40,Female,3,99
2024-12-10,Tamil Nadu,41-60,Male,5,540
2024-12-10,Tamil Nadu,41-60,Male,7,352
2024-12-10,Gujarat,41-60,Male,6,517
2024-12-10,Maharashtra,41-60,Female,6,521
2024-12-10,Rajasthan,61+,Male,1,202
2024-12-10,Maharashtra,18-40,Female,3,38
2024-12-11,West Bengal,18-40,Male,10,340
2024-12-11,Rajasthan,41-60,Female,4,704
2024-12-12,West Bengal,41-60,Male,5,525
2024-12-12,Maharashtra,18-40,Female,2,365
2024-12-12,Rajasthan,61+,Female,5,547
2024-12-12,Karnataka,61+,Female,3,132
2024-12-13,Uttar Pradesh,61+,Male,7,50
2024-12-13,Uttar Pradesh,18-40,Female,10,87
2024-12-13,Tamil Nadu,41-60,Female,9,361
2024-12-13,Karnataka,18-40,Female,6,538
2024-12-13,Tamil Nadu,41-60,Male,8,60
2024-12-14,Karnataka,41-60,Male,6,722
2024-12-14,West Bengal,41-60,Female,5,179
2024-12-14,Rajasthan,18-40,Female,9,646
2024-12-14,Rajasthan,41-60,Female,5,634
2024-12-14,Tamil Nadu,41-60,Female,10,523
2024-12-15,Uttar Pradesh,61+,Male,8,372
2024-12-15,Karnataka,41-60,Male,7,130
2024-12-15,Maharashtra,41-60,Female,2,448
2024-12-15,Karnataka,18-40,Male,5,251
2024-12-15,Gujarat,41-60,Female,10,428
2024-12-16,West Bengal,61+,Male,8,436
2024-12-16,Tamil Nadu,18-40,Male,9,380
2024-12-16,Maharashtra,18-40,Female,5,631
2024-12-16,Karnataka,18-40,Male,10,635
2024-12-16,Uttar Pradesh,61+,Male,5,648
2024-12-17,Tamil Nadu,61+,Female,4,366
2024-12-17,Gujarat,18-40,Female,4,666
2024-12-18,Maharashtra,41-60,Male,9,626
2024-12-18,Rajasthan,18-40,Female,8,332
2024-12-18,Uttar Pradesh,61+,Male,7,102
2024-12-18,Uttar Pradesh,18-40,Male,6,540
2024-12-18,Rajasthan,41-60,Male,9,706
2024-12-18,Tamil Nadu,18-40,Male,7,112
2024-12-18,Maharashtra,18-40,Male,3,229
2024-12-18,Gujarat,61+,Female,3,307
2024-12-18,Maharashtra,18-40,Female,9,190
2024-12-18,Uttar Pradesh,18-40,Male,4,333
2024-12-18,Karnataka,18-40,Male,10,546
2024-12-18,Gujarat,41-60,Female,6,578
2024-12-18,Gujarat,41-60,Female,7,583
2024-12-19,Karnataka,41-60,Male,5,215
2024-12-19,Uttar Pradesh,61+,Male,9,94
2024-12-20,Tamil Nadu,41-60,Female,6,359
2024-12-20,West Bengal,41-60,Female,8,59
2024-12-20,Uttar Pradesh,41-60,Female,3,488
2024-12-20,Rajasthan,41-60,Female,10,66
2024-12-20,Uttar Pradesh,61+,Female,10,391
2024-12-20,Gujarat,61+,Female,7,191
2024-12-20,Tamil Nadu,61+,Male,6,690
2024-12-21,Rajasthan,41-60,Female,3,527
2024-12-21,Tamil Nadu,61+,Female,7,312
2024-12-21,Uttar Pradesh,61+,Female,5,633
2024-12-21,Uttar Pradesh,18-40,Male,10,147
2024-12-21,Karnataka,41-60,Male,7,219
2024-12-21,Gujarat,18-40,Female,6,226
2024-12-21,Uttar Pradesh,61+,Female,5,140
2024-12-22,Rajasthan,41-60,Female,8,208
2024-12-22,Karnataka,18-40,Male,3,126
2024-12-22,West Bengal,41-60,Female,8,79
2024-12-22,Maharashtra,61+,Female,4,438
2024-12-22,Tamil Nadu,41-60,Female,2,423
2024-12-22,Gujarat,18-40,Female,7,264
2024-12-22,Tamil Nadu,41-60,Male,2,193
2024-12-22,Gujarat,41-60,Male,6,300
2024-12-22,Karnataka,41-60,Male,8,35
2024-12-22,Tamil Nadu,18-40,Female,1,324
2024-12-22,West Bengal,41-60,Female,10,541
2024-12-23,Tamil Nadu,41-60,Male,1,122
2024-12-23,Uttar Pradesh,41-60,Female,8,176
2024-12-23,Gujarat,61+,Female,4,401
2024-12-23,Uttar Pradesh,61+,Female,10,578
2024-12-24,Gujarat,41-60,Female,6,420
2024-12-24,Tamil Nadu,61+,Female,7,740
2024-12-24,Uttar Pradesh,41-60,Female,7,571
2024-12-24,Rajasthan,18-40,Female,10,271
2024-12-24,Maharashtra,18-40,Male,9,94
2024-12-24,Gujarat,41-60,Female,2,70
2024-12-25,Karnataka,61+,Female,1,431
2024-12-25,Tamil Nadu,18-40,Male,4,206
2024-12-25,West Bengal,61+,Male,7,51
2024-12-25,Tamil Nadu,18-40,Female,10,310
2024-12-25,Uttar Pradesh,41-60,Male,5,281
2024-12-26,West Bengal,18-40,Female,9,427
2024-12-26,Rajasthan,41-60,Female,5,164
2024-12-26,Rajasthan,61+,Male,8,455
2024-12-26,Rajasthan,41-60,Male,6,651
2024-12-26,Uttar Pradesh,41-60,Female,2,507
2024-12-26,Rajasthan,61+,Female,2,430
2024-12-27,Uttar Pradesh,18-40,Male,2,104
2024-12-27,Uttar Pradesh,41-60,Female,10,181
2024-12-27,Tamil Nadu,41-60,Male,4,295
2024-12-27,Uttar Pradesh,41-60,Male,5,718
2024-12-28,Gujarat,18-40,Male,6,719
2024-12-28,Karnataka,61+,Male,9,749
2024-12-28,West Bengal,41-60,Female,4,466
2024-12-28,Rajasthan,41-60,Male,8,161
2024-12-28,Gujarat,41-60,Female,9,724
2024-12-28,Tamil Nadu,18-40,Female,9,692
2024-12-28,Maharashtra,41-60,Female,3,706
2024-12-29,Rajasthan,18-40,Male,2,457
2024-12-30,Rajasthan,61+,Male,8,678
2024-12-30,West Bengal,18-40,Male,3,713
2024-12-30,Maharashtra,41-60,Female,5,502
2024-12-30,West Bengal,61+,Female,8,250
2024-12-31,Tamil Nadu,18-40,Female,6,745
2024-12-31,Tamil Nadu,61+,Male,5,71
2024-12-31,Tamil Nadu,61+,Female,2,437
